id,symbol,entry_date,entry,quantity,exit_date,exit_price,exit_reason,pnl,asof,history,is_etf,prior_close,ma20,ma50,ext20,ext50,ma20_over_50,ma50_rising,mom20,mom60,rs60,adr20,near_high20,near_high60,volume_ratio,dryup5,median_turnover20_cr
0,NIFTYBEES,2026-04-01,259.91,1923,2026-05-13,263.7148,close_stop,7316.6304,2026-03-30,143,True,253.44,268.4,280.871,-5.573770491803276,-9.76640521805383,False,False,-12.176866033682165,-13.596072548752215,0.0,2.1616418286754513,86.66985842281649,84.79373682625716,1.6851488821420937,1.2912394543398042,410.6401508835
1,NIFTYBEES,2026-04-02,273.45,1828,2026-05-13,263.7148,close_stop,-17795.945599999934,2026-04-01,144,True,257.45,267.008,280.2068,-3.5796680249280843,-8.121430315038747,False,False,-9.758491359669119,-12.820425993024287,0.0,2.141777396997712,88.04117365433281,86.13536752651477,0.9437472106445902,1.1267663705202535,417.5676657365
2,BELRISE,2026-04-15,207.65,2407,2026-05-18,207.955,close_stop,734.1350000000164,2026-04-13,151,False,204.42,189.132,185.8448,8.083243449019717,9.995006586140697,True,True,6.275019495710943,17.41527857553129,24.666044259140495,3.971606971261574,97.78989667049369,97.78989667049369,0.8808097320115453,1.0401115030307972,100.060474963
4,UTLSOLAR,2026-04-15,238.35,2097,2026-05-19,263.5755,close_stop,52897.873499999965,2026-04-13,96,False,225.87,202.82150000000001,200.7156,11.363933310817643,12.532359218715449,True,False,20.009563785133633,5.423570595099192,12.674336278708399,4.428835780522462,98.1403432543993,98.1403432543993,2.698735998336864,1.7514682420393286,4.0059170545
5,RUBICON,2026-04-15,833.08,600,2026-09-22,1711.4,close_stop,526992.0,2026-04-13,119,False,819.75,783.5075,772.733,4.625673653411089,6.084507844235976,True,True,4.887723114324105,26.0281343685141,33.278900052123305,3.938968138714389,92.54346353578687,92.54346353578687,0.9658827148146332,1.6863207751525782,13.5146325525
6,SMALLCAP,2026-04-15,42.56,11748,2026-06-12,43.78,close_stop,14332.559999999987,2026-04-13,151,True,41.6,39.533,40.973,5.228543242354489,1.530276035437983,False,False,2.6147015293537246,-2.826442419995334,4.424323263613871,3.05164605233228,99.16567342073897,93.63042988971415,0.5274540522285122,0.9105048009441926,14.261979496499997
8,FRACTAL,2026-04-15,859.8,581,2026-05-19,923.36,close_stop,36928.36000000004,2026-04-13,37,False,849.6,805.79,,5.4369004331153326,,,,0.8247789711030684,,,3.8583506547917032,98.79069767441861,,2.4278439781415995,1.1761860441668632,26.093062772499998
10,STAR,2026-04-15,1004.88,497,2026-06-02,1088.53,close_stop,41574.04999999999,2026-04-13,151,False,1001.15,940.3975,893.117,6.460300032698929,12.096175529074028,True,True,11.991722132110283,6.2961193395975945,13.546885023206801,3.6761421191752173,99.03551290928876,99.03551290928876,0.9013341752179064,0.8485458543420303,24.622127375
11,TDPOWERSYS,2026-04-15,950.42,526,2026-06-09,1228.7255,close_stop,146388.69300000003,2026-04-13,151,False,915.55,854.675,843.051,7.122590458361366,8.59959836356281,True,True,14.065906684108898,36.22228834994792,43.47305403355712,4.664213526177183,95.96960167714884,95.96960167714884,1.5708112642909842,1.756862816737259,70.461446825
13,LENSKART,2026-04-15,550.99,907,2026-05-06,507.74850000000004,close_stop,-39220.040499999974,2026-04-13,104,False,549.2,507.8975,495.135,8.132054203850192,10.919244246518645,True,True,10.038068523342014,19.978154014199912,27.22891969780912,4.20885340034491,99.60101559666306,99.60101559666306,0.9871760692304863,1.1672566172726273,105.74276736750001
15,SYRMA,2026-04-16,926.15,539,2026-05-19,970.125,close_stop,23702.525000000012,2026-04-15,152,False,895.05,800.9075,810.626,11.754478513436318,10.414667183139947,False,True,19.30818448413756,27.700099871593654,33.901490901846856,4.164989826207323,98.5737885462555,98.5737885462555,1.2518167871547246,0.7992450231862688,86.2769961525
16,ICICIAMC,2026-04-16,3272.99,152,2026-05-19,3129.3745,close_stop,-21829.555999999982,2026-04-15,76,False,3221.0,2969.155,3010.494,8.48204287078309,6.9924072261894565,False,True,9.695875762013406,22.499429527648896,28.700820557902098,4.6213815091665005,93.9067055393586,93.9067055393586,4.120761331961941,1.8098421218715572,143.274656165
68,KIRLOSENG,2026-05-13,1609.88,310,2026-07-20,2244.4215,close_stop,196707.86499999993,2026-05-12,170,False,1561.1,1655.63,1511.154,-5.709609031003316,3.3051561918904238,True,True,5.9666033125169715,28.116536725482135,37.51973606920649,4.094287961962297,88.44759206798867,88.44759206798867,0.9227462009983654,0.7187813021165143,61.046817625
70,ADANIPOWER,2026-05-14,218.55,2287,2026-06-16,220.7905,close_stop,5124.023499999994,2026-05-13,171,False,213.87,214.58100000000002,176.9164,-0.33134340878270274,20.88760567137924,True,True,17.932175351530198,43.48876216034887,53.06772387175369,4.067877766474684,91.2414675767918,91.2414675767918,0.8229574759462339,0.6544322351349263,1168.591367469
76,GVT&D,2026-05-18,4363.46,114,2026-07-03,4558.692,close_stop,22256.447999999997,2026-05-15,173,False,4342.6,4437.465,4042.114,-2.137819678577746,7.433882369473022,True,True,6.587796377202904,19.8785369220152,28.422007001051696,3.8444430655773356,89.55660961022893,89.55660961022893,0.4215065035909789,0.5817875212018961,260.4481494
78,APARINDS,2026-05-21,12883.0,38,2026-07-02,14525.01,close_stop,62396.380000000005,2026-05-20,176,False,12676.0,12368.675,11093.45,2.4847043034116556,14.265625211273303,True,True,8.21239542427865,32.64964420259522,40.70054980083889,4.048342373581694,97.32800982800983,97.32800982800983,0.6962032998872945,0.7598003913912428,129.8575884
79,BHEL,2026-05-21,413.96,1207,2026-06-11,374.66725,close_stop,-47426.34924999995,2026-05-20,176,False,408.4,378.549,312.6386,7.885636998116485,30.630062954478433,True,True,22.78644658909834,55.40334855403346,63.45425415227713,4.074434072485313,97.72672888250779,97.72672888250779,0.46623935314827364,0.6218012567583443,668.1890632024999
80,WELCORP,2026-05-21,1348.81,370,2026-09-22,2731.5,open,511595.30000000005,2026-05-20,176,False,1316.7,1273.2825,1037.776,3.409887436605774,26.877091010006016,True,True,19.634744684717443,63.0790190735695,71.12992467181317,3.7755597297342263,95.59314650791346,95.59314650791346,0.7604993751825417,0.6519012376795419,110.41889225999999
81,WELCORP,2026-05-22,1285.3,389,2026-09-22,2731.5,open,562571.8,2026-05-21,177,False,1330.2,1282.8325,1047.94,3.6924150269033618,26.934748172605303,True,True,16.76615168539326,65.22171158862253,73.43184163653491,3.742203384105707,96.57325395673007,96.57325395673007,0.783934558552986,0.806527633226854,110.41889225999999
83,LLOYDSME,2026-05-25,1754.3,285,2026-06-25,1696.1765,close_stop,-16565.197499999977,2026-05-22,178,False,1737.3,1734.07,1517.512,0.18626699037525007,14.483443952996744,True,True,2.326540228531049,54.097924427887165,60.783547564026975,3.3103858431575013,94.1115926327194,94.1115926327194,0.5700131735901963,0.6045212793656635,98.85444428
89,ADANIENSOL,2026-06-05,1541.6,324,2026-08-07,1611.9,close_stop,22777.20000000006,2026-06-04,186,False,1520.0,1399.075,1266.395,8.643210692779157,20.025742363164724,True,True,8.008242734313932,58.25091098386257,62.46671393384273,4.692562459472508,96.29394995248654,96.29394995248654,0.6927554424421779,0.8236391392428687,488.00172766000003
92,TALBROAUTO,2026-06-23,379.2,1318,2026-07-24,388.05,close_stop,11664.30000000003,2026-06-22,198,False,362.8,354.45,325.6278,2.35576244886444,11.415548672441368,True,True,1.0444227823422914,53.371380257873604,48.9450819406301,4.990854844194385,94.02617597511986,94.02617597511986,0.4585329885891064,0.647608500839068,6.2937294725
99,LAURUSLABS,2026-07-10,1534.3,325,2026-09-22,2006.5,open,153465.00000000003,2026-07-09,210,False,1507.4,1454.385,1364.766,3.645183359289339,10.451168918334709,True,True,8.782564768708955,37.24222697682891,36.94437810755147,3.1289132218263593,96.93890675241157,96.93890675241157,0.767045614094337,0.8594766527279708,305.97490446
100,PSPPROJECT,2026-07-14,1088.49,459,2026-07-24,967.737,close_stop,-55425.62700000002,2026-07-13,212,False,1066.0,1000.9675,895.934,6.496964187148935,18.981978583243865,True,True,16.2232882686437,49.961313919954975,49.402450640559856,4.387215156662233,93.26334208223972,93.26334208223972,0.34856612746884125,0.6751958641704089,10.92176061
101,MARKSANS,2026-07-15,275.18,1816,2026-07-22,239.3047834,disaster,-65149.39334560003,2026-07-14,213,False,270.95,263.7575,239.8532,2.7269366747864954,12.964930215648574,True,True,8.484144778987822,50.37740037740037,50.596418446391056,4.160578562135493,96.21803977272727,96.21803977272727,0.5998901749893607,1.0932537671767482,50.607828745000006
104,NAVINFLUOR,2026-07-27,7739.36,64,2026-09-16,8170.94,close_stop,27621.119999999995,2026-07-24,221,False,7520.0,7639.675,7374.06,-1.5664933390491131,1.9790997089798479,True,True,-1.1696674990143263,13.475177304964546,13.574632145100118,2.767085588854281,94.75806451612904,94.75806451612904,0.5826792042160978,1.2260809325097497,75.74338105
105,RPTECH,2026-07-27,806.96,619,2026-08-25,785.75165795625,disaster,-13127.963725081256,2026-07-24,221,False,779.85,765.0,661.091,1.9411764705882462,17.96409268920618,True,True,-0.1344602381867066,59.920024607812984,60.019479447948555,4.622031387594951,95.94021037091714,95.94021037091714,0.7757847717170364,0.457071907674056,40.41968501
106,RRKABEL,2026-07-27,2549.99,196,2026-09-03,2636.75,close_stop,17004.960000000043,2026-07-24,221,False,2493.6,2340.69,2216.27,6.532689078861353,12.513367053653202,True,True,0.21299682514164253,54.97824735860783,55.0777021987434,4.477613839666605,97.82659866614358,97.82659866614358,1.6138863844999378,1.139453217866139,92.89891697
107,VADILALIND,2026-07-28,6865.19,72,2026-09-11,7089.375,close_stop,16141.320000000029,2026-07-27,222,False,6761.5,6543.12,5870.914,3.337551504481051,15.169460836932714,True,True,6.256089511896157,42.44633113531506,42.27791316584999,3.2539571561696046,96.63427183078463,96.63427183078463,0.36485611308216476,0.5143351102146665,6.179741075
108,LAURUSLABS,2026-07-28,1745.9,286,2026-09-22,2006.5,open,74531.59999999998,2026-07-27,222,False,1713.4,1548.79,1455.574,10.628296928570059,17.713012186257803,True,True,14.20382590148639,54.904619835457936,54.73620186599286,2.885523447137207,98.78351109829921,98.78351109829921,3.2817962907245524,1.3336728924914962,298.733925035
109,AETHER,2026-07-30,1513.18,330,2026-09-16,1580.06,close_stop,22070.39999999996,2026-07-29,224,False,1490.7,1441.455,1276.344,3.4163397400543305,16.79453188168707,True,True,12.344562514130676,19.065495207667738,18.07691875775561,3.737007072494953,96.89307767305817,96.89307767305817,0.8118931937313502,0.6108890428618297,33.472540725
110,KTKBANK,2026-07-30,287.81,1737,2026-09-16,313.02700000000004,close_stop,43801.92900000007,2026-07-29,224,False,279.0,273.8725,270.48,1.8722215629535688,3.1499556344276813,True,True,1.880591564725198,1.676384839650158,0.6878083897380316,3.0635043345419923,97.21254355400697,97.21254355400697,1.5157975135932134,1.4073588727918351,54.210924567499994
115,AVALON,2026-08-07,1831.75,272,2026-09-16,2139.25,close_stop,83640.0,2026-08-06,230,False,1774.5,1743.09,1701.166,1.8019723594306702,4.3108079987491,True,True,2.655328011107261,37.43029739776951,31.567252689223956,4.727114688213681,94.79673059458304,94.79673059458304,1.3850850166636839,1.545674909051473,46.528306155
122,PHARMABEES,2026-08-26,27.46,18208,2026-09-22,27.68,open,4005.7599999999793,2026-08-25,243,True,27.18,27.232499999999998,26.5552,-0.19278435692645646,2.3528348496716367,True,True,1.683501683501687,9.2443729903537,4.9433787149695485,2.492852531097763,97.03677258122099,97.03677258122099,0.7077808183817828,0.8466919190660911,10.755931025499999
123,JUNIORBEES,2026-09-07,789.36,633,2026-09-22,778.55,open,-6842.730000000038,2026-09-04,251,True,791.07,801.21,790.6884,-1.2655858014752663,0.04826174255243565,True,True,-2.0504438913859,7.1213844653883696,3.0700575035028432,1.9312232179441249,96.00713618214255,96.00713618214255,0.7248525410765896,1.0506260984239404,24.169398819999998
126,GOLDBEES,2026-09-11,125.3,3990,2026-09-22,125.0,open,-1196.9999999999886,2026-09-10,255,True,126.2,127.798,122.5652,-1.2504108045509277,2.965605245208258,True,True,0.573796620975453,1.9797979797979925,4.1547458030193996,1.115406259423171,94.4540079335379,94.4540079335379,0.5412131421987878,0.6348067864819985,324.1460605295
