name,total,realised,open_pnl,taken,offered,filtered,skipped_slots,skipped_cash,skipped_same_stock,minimum_cash,maximum_cost_deployment,maximum_slots,train_pnl,train_taken,later_pnl,later_taken
adr_2_to_5,2411702.159479319,1105532.699479319,1306169.46,34,127,42,41,10,0,5522.750000001281,5994477.25,12,1125229.7215500004,22,673927.6749293188,14
adr_le_5,2403662.4294793187,1105532.699479319,1298129.73,36,127,37,44,10,0,5522.750000001281,5994477.25,12,1125229.7215500004,22,665887.9449293189,16
adr_3_to_5,2352394.5096793193,1020443.609679319,1331950.9000000001,33,127,57,27,10,0,9197.120000000752,5990802.88,12,1017614.7532500004,22,641247.3949293189,13
rank_low_extension,2296923.6432684287,1121274.7132684288,1175648.93,40,127,0,72,15,0,2862.5100000014063,5997137.49,12,1155532.1080500004,24,561143.4424400975,19
baseline,2193571.011622429,1017922.0816224288,1175648.93,41,127,0,76,10,0,2981.610000000859,5997018.39,12,1008254.3644040003,25,539411.9134400974,19
rank_rs60,2185516.3446224285,1009867.4146224288,1175648.93,38,127,0,64,25,0,2670.6800000009243,5997329.32,12,900314.4504040004,23,539411.9134400974,19
rank_mom60,2185516.3446224285,1009867.4146224288,1175648.93,38,127,0,64,25,0,2670.6800000009243,5997329.32,12,900314.4504040004,23,539411.9134400974,19
adr_3_to_6,2156531.1480282294,928899.048028229,1227632.1,36,127,33,35,23,0,5222.040000000619,5994777.96,12,751114.1293540003,25,626543.8071742287,14
adr3_6_and_rs_positive,2147436.635028229,919804.535028229,1227632.1,34,127,37,29,27,0,6482.340000000724,5994307.48,12,785944.7283540004,23,626543.8071742287,14
adr3_6_rank_rs,2131966.768057854,904334.6680578539,1227632.1,36,127,33,32,26,0,6286.200000000768,5994169.36,12,817227.8683540005,24,626543.8071742287,14
within_10pct_high60,2066329.73109751,887843.8310975101,1178485.9000000001,38,127,16,39,34,0,6608.3300000000745,5996256.37,12,666876.1481540003,26,539411.9134400974,19
momentum60_ge_0,2054513.23659751,876027.3365975099,1178485.9000000001,39,127,13,39,36,0,3013.802998200408,5996256.37,12,698984.7656540003,27,539411.9134400974,19
rs60_ge_10,2032044.06639751,853558.1663975099,1178485.9000000001,39,127,25,37,26,0,3013.802998200408,5996256.37,12,698984.7656540003,27,526002.9022400974,16
trend_rank_rs,2018918.5381224286,777293.7781224286,1241624.76,40,127,31,3,53,0,4740.320000000531,5995259.68,12,883205.8406040003,27,590215.3034400975,17
within_10pct_high20,1966956.900613379,784465.2406133788,1182491.6600000001,40,127,11,44,32,0,5870.570000000647,5996041.75,12,680205.0216040004,27,539411.9134400974,19
momentum20_ge_0,1944948.000613379,773849.0806133789,1171098.9200000002,41,127,13,45,28,0,5870.570000000647,5996041.75,12,680205.0216040004,27,622293.3471651786,19
momentum60_ge_20,1894261.0652642031,641243.5652642032,1253017.5,40,127,48,0,39,0,9418.318589974486,5494802.48,11,698600.2942457749,29,589357.9922400975,15
stocks_rank_rs,1889326.4092179227,710840.5092179226,1178485.9000000001,37,127,14,46,30,0,4796.210000000545,5996433.04,12,825708.9761040006,25,572880.7722400974,15
rank_mom20,1849839.431172429,779706.3011724288,1070133.1300000001,40,127,0,47,40,0,2862.510000000475,5997137.49,12,803478.8006540004,25,539411.9134400974,19
rs60_ge_5,1821162.2189520537,642676.3189520537,1178485.9000000001,39,127,20,41,27,0,5957.649248200236,5996256.76,12,748851.7369040005,26,526002.9022400974,16
extension20_0_to_15,1806375.6863139227,639282.5263139226,1167093.1600000001,39,127,21,45,22,0,3366.000000000524,5996634.0,12,806387.2860000004,25,531825.0234400975,17
extension20_0_to_10,1800736.6847286227,584497.3247286226,1216239.36,36,127,41,7,43,0,4957.420000001031,5995042.58,12,636673.9384147003,24,536898.6824400976,15
one_lot_per_stock,1798991.779318029,1185914.649318029,613077.13,41,127,0,75,1,10,2849.1600000004983,5997150.84,12,896378.1387540004,25,579932.8771651785,19
extension20_le_15,1774094.457330829,1110040.8273308289,664053.63,42,127,7,62,16,0,2807.2196124011534,5997137.49,12,957572.9221124003,25,539411.9134400974,19
adr_3_to_8,1770785.434467923,592299.5344679226,1178485.9000000001,38,127,22,45,22,0,3366.000000000524,5996634.0,12,741221.0853540004,26,561400.9722400975,15
adr_ge_3,1770785.434467923,592299.5344679226,1178485.9000000001,38,127,22,45,22,0,3366.000000000524,5996634.0,12,741221.0853540004,26,561400.9722400975,15
stocks_only,1755409.4647179227,576923.5647179225,1178485.9000000001,39,127,14,48,26,0,209.79994820145657,5996267.95,12,715228.9556040004,27,572880.7722400974,15
above_ma20,1741209.4856679228,574116.3256679226,1167093.1600000001,40,127,16,49,22,0,3366.000000000524,5996634.0,12,741221.0853540004,26,531825.0234400975,17
rank_turnover,1731427.8500842976,1079822.9000842976,651604.95,42,127,0,70,15,0,2862.510000001872,5997137.49,12,1044062.4588000004,24,561143.4424400975,19
adr3_6_and_trend,1731110.8602245287,503478.7602245287,1227632.1,37,127,51,0,39,0,7576.939999999828,5992423.06,12,501747.7495206751,26,626543.8071742287,14
above_ma50,1659347.0473520537,483698.1173520537,1175648.93,41,127,11,39,36,0,7130.870000000519,5992869.13,12,673081.4051040004,26,540467.8534400974,19
momentum20_ge_5,1573992.64989751,320975.1498975099,1253017.5,40,127,30,35,22,0,7752.100000000442,5992247.9,12,495114.5846540002,27,682082.9959651786,15
rank_near_high20,1551293.5198724288,892845.8398724288,658447.68,43,127,0,60,24,0,494.73215400165645,5997137.49,12,869966.2076540004,25,561143.4424400975,19
turnover_ge_1cr,1529240.4741848288,865186.8441848289,664053.63,41,127,2,45,39,0,2862.510000000708,5997137.49,12,791475.8269664004,25,539411.9134400974,19
within_5pct_high20,1512753.369533319,213426.63953331904,1299326.73,35,127,50,36,6,0,4954.360000000626,5995045.64,12,348149.09860400035,21,680379.3519293189,14
adr_ge_2,1507388.5429848288,836492.1829848288,670896.36,40,127,7,45,35,0,2862.510000000708,5997137.49,12,791475.8269664004,25,530008.6622400973,17
rs60_ge_0,1473050.4431848289,859973.3131848288,613077.13,41,127,8,41,37,0,5067.500000001048,5994932.5,12,758268.1959664003,25,539411.9134400974,19
trend_stack_rising50,1459953.4010167539,292860.2410167538,1167093.1600000001,41,127,33,1,52,0,7299.569999999949,5992700.43,12,449798.21676870034,27,531825.0234400975,17
trend_stack,1459249.867266754,292156.7072667538,1167093.1600000001,42,127,31,3,51,0,4175.000000000116,5995825.0,12,449094.68301870034,28,531825.0234400975,17
turnover_ge_10cr,1452180.8087382976,1209682.6587382976,242498.14999999997,42,127,21,46,18,0,2862.9400000013993,5997137.06,12,774710.3146540003,25,643003.1532400973,18
adr_2_to_6,1355804.315640629,1198333.555640629,157470.76,41,127,18,50,18,0,1819.8214664011612,5997762.16,12,735092.8319664004,26,578356.0671742287,15
adr_le_6,1347764.585640629,1198333.555640629,149431.02999999997,43,127,13,53,18,0,1819.8214664011612,5997762.16,12,735092.8319664004,26,570316.3371742286,17
momentum20_ge_10,1345708.7691213787,92691.26912137856,1253017.5,38,127,46,5,38,0,4768.639999999548,5995231.36,12,-16291.416033599904,26,567464.2693107786,13
momentum60_ge_10,1306070.7711167538,127584.87111675358,1178485.9000000001,41,127,31,4,51,0,6208.440000000293,5993791.56,12,389464.7490687003,29,526002.9022400974,16
trend_and_extension_le10,1287876.6232305975,395821.8632305974,892054.76,34,127,49,1,43,0,4394.98999999935,5995605.01,12,542049.8569166751,23,536898.6824400976,15
within_5pct_high60,1275820.476498019,-23506.253501980973,1299326.73,35,127,57,4,31,0,7585.869999999297,5992414.13,12,161243.6255687003,22,680379.3519293189,14
extension20_le_10,1255677.3096466977,1118694.9596466976,136982.34999999998,42,127,27,39,19,0,4563.310000001395,5995436.6899999995,12,853898.5723624001,24,515627.9634400974,18
turnover_ge_5cr,1179999.0567382975,1090965.9067382975,89033.14999999992,45,127,14,50,18,0,2862.9400000013993,5997137.06,12,825255.6146540004,26,510717.2522400973,19
extension20_le_5,1086277.3039763223,544994.0739763223,541283.23,30,127,69,0,28,0,276758.3287017882,5494873.5600000005,11,589108.5138624001,18,791285.4332697224,15
rs_positive_and_extension_le10,1010990.1448113975,874007.7948113976,136982.34999999998,41,127,31,7,48,0,4802.880000001227,5995197.12,12,631281.8075271002,24,515627.9634400974,18
extension20_0_to_5,830299.1271163223,296374.66711632226,533924.46,28,127,83,0,16,0,15389.150500999822,5495656.35,11,331698.5830024,18,839945.5432697225,13
prior_volume_ge_1x,684360.8619500002,326579.6519500001,357781.2100000001,20,127,91,9,7,0,6845.3200000007055,5993154.68,12,174707.44795000003,12,509653.4140000001,8
within_2pct_high20,606418.247343,-78380.10265700007,684798.3500000001,21,127,102,0,4,0,353135.7753430001,5496182.16,11,79221.38984300007,15,328622.2575,6
volume_dryup_le_0.8,587724.2265100032,92750.22651000333,494973.99999999994,36,127,67,0,24,0,57599.03544597473,5495328.86,11,470143.8454459748,24,394943.25328569737,15
prior_volume_ge_1.5x,519885.47579300014,162104.26579300006,357781.2100000001,18,127,105,0,4,0,393704.9358430008,5494414.51,11,134324.32679299993,13,418588.09900000016,5
adr_4_to_8,416984.5394882975,312665.7394882975,104318.79999999999,40,127,58,19,10,0,7016.770000000368,5992983.2299999995,12,228250.1964040001,27,503785.08224009746,14
adr_ge_4,416984.5394882975,312665.7394882975,104318.79999999999,40,127,58,19,10,0,7016.770000000368,5992983.2299999995,12,228250.1964040001,27,503785.08224009746,14
prior_volume_ge_2x,158101.12395100007,-199680.086049,357781.2100000001,14,127,113,0,0,0,1460624.2200000007,4492238.73,9,-166653.13604900002,11,357781.2100000001,3
volume_dryup_le_1,-184098.9911277967,-291226.5511277967,107127.55999999998,44,127,47,0,36,0,138251.2778081742,5495977.52,11,-159784.94219182525,30,552414.0132856974,17
