name,costs,morning_proceeds,next_day_proceeds,without_welcorp,without_rubicon
baseline,1889733.3784848289,2248996.6386224288,2016505.887371779,1191204.2181882975,1638734.8964382976
adr_3_to_5,2083759.8847190193,2352394.5096793193,2024176.1316793193,1457879.680179319,2107223.939679319
adr_3_to_6,2019857.0385725542,2156531.1480282294,2150045.458174229,1089842.9590282291,1657664.6655282292
trend_stack,1276572.248091754,1690729.402237129,1396825.2514955287,383020.0543326226,895748.6848326226
stocks_only,1867178.368541754,2016158.283413379,1970103.2113342974,691978.9497179226,1171168.1387179226
one_lot_per_stock,1664707.7469089786,1854417.406318029,1403671.7610673788,1304878.1016089788,1315485.8406089789
rank_low_extension,1732045.076193429,2352349.270268429,1479704.782809379,1252261.3525842975,1783371.9623342976
adr_2_to_5,2324747.969669019,2411702.159479319,1993556.505979319,1388442.4149793189,1925984.649479319
adr_le_5,2309251.349219019,2403662.4294793187,1986713.7759793191,1380402.6849793189,1917944.9194793191
rank_rs60,1432350.6536474284,2185516.3446224285,1323962.7869298975,1004794.8579382974,1641552.2114382978
