name,total,realised,open_pnl,taken,offered,filtered,skipped_slots,skipped_cash,skipped_same_stock,minimum_cash,maximum_cost_deployment,maximum_slots,conditions,rank,costs,next_day,april_june,july_september_fresh
history20_only,1529240.4741848288,865186.8441848289,664053.63,41,127,2,45,39,0,2862.510000000708,5997137.49,12,"[('history', 'ge', 20)]",,1454495.320859829,1348170.4568966974,791475.8269664004,539411.9134400974
posthoc_adr_2_to_4,2695646.9960519755,706988.7460519751,1988658.2500000002,25,127,76,23,3,0,4586.880000001285,5995413.12,12,"[('adr20', 'ge', 2), ('adr20', 'le', 4)]",,2799916.848576975,2327734.0635519754,736924.1690519751,549965.0830000001
posthoc_adr_2_to_4.5,2256664.7162044,850182.2162044,1406482.5,32,127,57,30,8,0,3832.490000001155,5996167.51,12,"[('adr20', 'ge', 2), ('adr20', 'le', 4.5)]",,2198560.6877941005,1915299.1817044,890524.8545500003,672888.0786544002
posthoc_adr_2_to_5,2411702.159479319,1105532.699479319,1306169.46,34,127,42,41,10,0,5522.750000001281,5994477.25,12,"[('adr20', 'ge', 2), ('adr20', 'le', 5)]",,2324747.969669019,1993556.505979319,1125229.7215500004,673927.6749293188
posthoc_adr_2_to_5.5,2307009.263145719,1075371.403145719,1231637.86,38,127,28,47,14,0,3042.0400000012596,5996957.96,12,"[('adr20', 'ge', 2), ('adr20', 'le', 5.5)]",,1613916.0200354191,2113575.386637319,1010571.7857164004,434916.2539293188
posthoc_adr_2_to_6,1355804.315640629,1198333.555640629,157470.76,41,127,18,50,18,0,1819.8214664011612,5997762.16,12,"[('adr20', 'ge', 2), ('adr20', 'le', 6)]",,1602455.949880329,1683645.593786629,735092.8319664004,578356.0671742287
posthoc_adr_0_to_5,2403662.4294793187,1105532.699479319,1298129.73,36,127,37,44,10,0,5522.750000001281,5994477.25,12,"[('adr20', 'ge', 0), ('adr20', 'le', 5)]",,2309251.349219019,1986713.7759793191,1125229.7215500004,665887.9449293189
posthoc_adr_1_to_5,2403662.4294793187,1105532.699479319,1298129.73,36,127,38,43,10,0,5522.750000001281,5994477.25,12,"[('adr20', 'ge', 1), ('adr20', 'le', 5)]",,2309251.349219019,1986713.7759793191,1125229.7215500004,665887.9449293189
posthoc_adr_2_to_5,2411702.159479319,1105532.699479319,1306169.46,34,127,42,41,10,0,5522.750000001281,5994477.25,12,"[('adr20', 'ge', 2), ('adr20', 'le', 5)]",,2324747.969669019,1993556.505979319,1125229.7215500004,673927.6749293188
posthoc_adr_2.5_to_5,2300201.0096793193,998037.309679319,1302163.7000000002,33,127,51,32,11,0,9197.120000000752,5990802.88,12,"[('adr20', 'ge', 2.5), ('adr20', 'le', 5)]",,2031725.1901190192,1930225.6881793193,1017614.7532500004,669921.9149293189
posthoc_adr_3_to_5,2352394.5096793193,1020443.609679319,1331950.9000000001,33,127,57,27,10,0,9197.120000000752,5990802.88,12,"[('adr20', 'ge', 3), ('adr20', 'le', 5)]",,2083759.8847190193,2024176.1316793193,1017614.7532500004,641247.3949293189
posthoc_adr_2_to_5_rank_low_extension,2377380.0544793187,1071210.594479319,1306169.46,34,127,42,41,10,0,5369.940000001283,5994630.06,12,"[('adr20', 'ge', 2), ('adr20', 'le', 5)]",low_extension,2468415.933329319,1959234.4009793191,1090907.6165500004,673927.6749293188
posthoc_adr_2_to_5_rank_rs60,2411702.159479319,1105532.699479319,1306169.46,34,127,42,41,10,0,5522.750000000815,5994477.25,12,"[('adr20', 'ge', 2), ('adr20', 'le', 5)]",rs60,2318015.333079319,1997891.651979319,1125229.7215500004,673927.6749293188
posthoc_adr_2_to_5_no_duplicate,1878572.591579319,1105187.7315793189,773384.86,34,127,42,31,10,10,6041.690000000934,5993958.31,12,"[('adr20', 'ge', 2), ('adr20', 'le', 5)]",,1767764.692694019,1539335.358579319,982819.9336500004,683036.0749293189
posthoc_adr_3_to_5_rank_low_extension,2141657.961679319,809707.061679319,1331950.9000000001,33,127,57,26,11,0,6090.620000000636,5993909.38,12,"[('adr20', 'ge', 3), ('adr20', 'le', 5)]",low_extension,2261750.335404319,1931919.9486793191,769928.4487500004,641247.3949293189
posthoc_adr_3_to_5_rank_rs60,2358187.641179319,1026236.7411793189,1331950.9000000001,33,127,57,6,31,0,6454.220000000729,5993545.78,12,"[('adr20', 'ge', 3), ('adr20', 'le', 5)]",rs60,2348770.762229319,2008282.621679319,1023527.4632500003,641247.3949293189
posthoc_adr_3_to_5_no_duplicate,2084465.0596793192,1020443.609679319,1064021.4500000002,33,127,57,20,10,7,9197.120000000752,5990802.88,12,"[('adr20', 'ge', 3), ('adr20', 'le', 5)]",,1817171.0697190189,1807260.8161793193,925577.3532500004,651409.194929319
posthoc_adr_2_to_4_no_duplicate,1647255.319494975,449165.4694949749,1198089.85,26,127,76,7,9,9,4477.380000000878,5995522.62,12,"[('adr20', 'ge', 2), ('adr20', 'le', 4)]",,1667763.592301975,1624998.871494975,509237.74849497504,442723.17300000007
