name,original,median,p10,p90,beats_baseline,median_paired_delta,newly_admitted_count,removed_baseline_count,new_pnl,removed_pnl
baseline,2193571.011622429,1750872.018445429,1347512.1227842977,2257373.767654589,0,0.0,0,0,0,0
adr_3_to_5,2352394.5096793193,2141657.961679319,2093963.391681294,2324968.471179319,145,397834.07515929313,14,22,378252.30250000017,219428.80444310987
adr_3_to_6,2156531.1480282294,2154697.991028229,1598035.0110282293,2304648.616028229,130,112662.88113080058,9,14,215397.48775000026,252437.3513441999
trend_stack,1459249.867266754,1519398.614008254,1344170.1728232517,1739100.0830553311,41,-280834.86517038743,12,11,-252325.35858529987,481995.78577037505
stocks_only,1755409.4647179227,1834033.210443004,1745293.4867179226,1971204.5870908708,115,92622.43957770639,7,9,-49420.42793413119,388741.11897037504
one_lot_per_stock,1798991.779318029,1760670.6557549788,1406751.338432629,1880441.555879979,88,-199515.3964651249,3,3,85047.22875000014,479626.4610544001
rank_low_extension,2296923.6432684287,2296923.6432684287,2296923.6432684287,2296923.6432684287,194,546051.6248229998,4,5,-33209.5402499999,-136562.1718959999
adr_2_to_5,2411702.159479319,2350896.363979319,2216475.6836293186,2396428.444979319,189,569512.5858358904,11,18,324023.3225000002,105892.17464310987
adr_le_5,2403662.4294793187,2337250.683979319,2205283.011979319,2388388.714979319,189,559576.3806779557,12,17,322826.3225000002,112734.90464310991
rank_rs60,2185516.3446224285,2125788.0073724287,1606498.3864382976,2185516.3446224285,112,19173.472611131263,3,6,-55465.9882499999,-47411.3212499999
