id,symbol,date,entry,decision,cash_before,required,slots_used,slots_blocked,cash_blocked,holding_ids,policy
0,NIFTYBEES,2026-04-01,259.91,filter,6000000.0,499806.93000000005,0,False,False,,adr_3_to_6
1,NIFTYBEES,2026-04-02,273.45,filter,6000000.0,499866.6,0,False,False,,adr_3_to_6
2,BELRISE,2026-04-15,207.65,taken,6000000.0,499813.55,0,False,False,,adr_3_to_6
3,GSPCROP,2026-04-15,403.99,filter,5500186.45,499735.63,1,False,False,2,adr_3_to_6
4,UTLSOLAR,2026-04-15,238.35,taken,5500186.45,499819.95,1,False,False,2,adr_3_to_6
5,RUBICON,2026-04-15,833.08,taken,5000366.5,499848.0,2,False,False,2|4,adr_3_to_6
6,SMALLCAP,2026-04-15,42.56,taken,4500518.5,499994.88,3,False,False,2|4|5,adr_3_to_6
7,BUILDPRO,2026-04-15,1119.62,filter,4000523.62,499350.51999999996,4,False,False,2|4|5|6,adr_3_to_6
8,FRACTAL,2026-04-15,859.8,taken,4000523.62,499543.8,4,False,False,2|4|5|6,adr_3_to_6
9,RSL,2026-04-15,130.35,filter,3500979.8200000003,499892.25,5,False,False,2|4|5|6|8,adr_3_to_6
10,STAR,2026-04-15,1004.88,taken,3500979.8200000003,499425.36,5,False,False,2|4|5|6|8,adr_3_to_6
11,TDPOWERSYS,2026-04-15,950.42,taken,3001554.4600000004,499920.92,6,False,False,2|4|5|6|8|10,adr_3_to_6
12,SILVERCASE,2026-04-15,25.31,taken,2501633.5400000005,499999.05,7,False,False,2|4|5|6|8|10|11,adr_3_to_6
13,LENSKART,2026-04-15,550.99,taken,2001634.4900000005,499747.93,8,False,False,2|4|5|6|8|10|11|12,adr_3_to_6
14,CLEANMAX,2026-04-16,967.07,taken,1501886.5600000005,499975.19,9,False,False,2|4|5|6|8|10|11|12|13,adr_3_to_6
15,SYRMA,2026-04-16,926.15,taken,1001911.3700000006,499194.85,10,False,False,2|4|5|6|8|10|11|12|13|14,adr_3_to_6
16,ICICIAMC,2026-04-16,3272.99,taken,502716.5200000006,497494.48,11,False,False,2|4|5|6|8|10|11|12|13|14|15,adr_3_to_6
17,QPOWER,2026-04-16,1126.21,slots,5222.040000000619,498911.03,12,True,True,2|4|5|6|8|10|11|12|13|14|15|16,adr_3_to_6
18,GMDCLTD,2026-04-16,658.77,slots,5222.040000000619,499347.66,12,True,True,2|4|5|6|8|10|11|12|13|14|15|16,adr_3_to_6
19,CEINSYS,2026-04-16,1153.23,filter,5222.040000000619,499348.59,12,True,True,2|4|5|6|8|10|11|12|13|14|15|16,adr_3_to_6
20,AEQUS,2026-04-17,170.78,slots,5222.040000000619,499873.06,12,True,True,2|4|5|6|8|10|11|12|13|14|15|16,adr_3_to_6
22,EMMVEE,2026-04-17,262.86,filter,5222.040000000619,499959.72000000003,12,True,True,2|4|5|6|8|10|11|12|13|14|15|16,adr_3_to_6
23,PFOCUS,2026-04-17,364.78,filter,5222.040000000619,499748.6,12,True,True,2|4|5|6|8|10|11|12|13|14|15|16,adr_3_to_6
24,SMSPHARMA,2026-04-17,431.72,slots,5222.040000000619,499931.76,12,True,True,2|4|5|6|8|10|11|12|13|14|15|16,adr_3_to_6
25,SHRIPISTON,2026-04-17,3678.9,slots,5222.040000000619,496651.5,12,True,True,2|4|5|6|8|10|11|12|13|14|15|16,adr_3_to_6
26,TENNIND,2026-04-17,594.95,slots,5222.040000000619,499758.00000000006,12,True,True,2|4|5|6|8|10|11|12|13|14|15|16,adr_3_to_6
27,GMDCLTD,2026-04-17,763.6,slots,5222.040000000619,499394.4,12,True,True,2|4|5|6|8|10|11|12|13|14|15|16,adr_3_to_6
28,NATCOPHARM,2026-04-17,1125.25,slots,5222.040000000619,499611.0,12,True,True,2|4|5|6|8|10|11|12|13|14|15|16,adr_3_to_6
29,RISHABH,2026-04-17,471.57,filter,5222.040000000619,499864.2,12,True,True,2|4|5|6|8|10|11|12|13|14|15|16,adr_3_to_6
30,NMDC,2026-04-22,88.72,filter,5222.040000000619,499937.2,12,True,True,2|4|5|6|8|10|11|12|13|14|15|16,adr_3_to_6
31,PFOCUS,2026-04-22,332.74,filter,5222.040000000619,499775.48000000004,12,True,True,2|4|5|6|8|10|11|12|13|14|15|16,adr_3_to_6
21,SAKAR,2026-04-23,633.14,slots,5222.040000000619,499547.45999999996,12,True,True,2|4|5|6|8|10|11|12|13|14|15|16,adr_3_to_6
32,LAURUSLABS,2026-04-23,1123.95,filter,5222.040000000619,499033.80000000005,12,True,True,2|4|5|6|8|10|11|12|13|14|15|16,adr_3_to_6
33,KINGFA,2026-04-23,4987.74,slots,5222.040000000619,498774.0,12,True,True,2|4|5|6|8|10|11|12|13|14|15|16,adr_3_to_6
34,RHETAN,2026-04-24,28.3,slots,5222.040000000619,499976.10000000003,12,True,True,2|4|5|6|8|10|11|12|13|14|15|16,adr_3_to_6
35,ABSLAMC,2026-04-24,1097.17,slots,5222.040000000619,499212.35000000003,12,True,True,2|4|5|6|8|10|11|12|13|14|15|16,adr_3_to_6
36,GLENMARK,2026-04-24,2359.9,slots,5222.040000000619,497938.9,12,True,True,2|4|5|6|8|10|11|12|13|14|15|16,adr_3_to_6
37,AUBANK,2026-04-24,1059.76,slots,5222.040000000619,499146.96,12,True,True,2|4|5|6|8|10|11|12|13|14|15|16,adr_3_to_6
38,RHETAN,2026-04-24,29.2,slots,5222.040000000619,499991.6,12,True,True,2|4|5|6|8|10|11|12|13|14|15|16,adr_3_to_6
39,SENORES,2026-04-27,919.27,slots,5222.040000000619,499163.61,12,True,True,2|4|5|6|8|10|11|12|13|14|15|16,adr_3_to_6
40,SARDAEN,2026-04-27,607.95,slots,5222.040000000619,499734.9,12,True,True,2|4|5|6|8|10|11|12|13|14|15|16,adr_3_to_6
41,ATHERENERG,2026-04-27,946.0,slots,5222.040000000619,499488.0,12,True,True,2|4|5|6|8|10|11|12|13|14|15|16,adr_3_to_6
42,KIRLOSENG,2026-04-27,1680.45,slots,5222.040000000619,499093.65,12,True,True,2|4|5|6|8|10|11|12|13|14|15|16,adr_3_to_6
43,GPIL,2026-04-27,301.45,slots,5222.040000000619,499804.1,12,True,True,2|4|5|6|8|10|11|12|13|14|15|16,adr_3_to_6
44,TATASTEEL,2026-04-27,213.41,filter,5222.040000000619,499806.22,12,True,True,2|4|5|6|8|10|11|12|13|14|15|16,adr_3_to_6
45,ROSSTECH,2026-04-27,988.76,filter,5222.040000000619,499323.8,12,True,True,2|4|5|6|8|10|11|12|13|14|15|16,adr_3_to_6
46,STEELCAS,2026-04-28,306.0,slots,5222.040000000619,499698.0,12,True,True,2|4|5|6|8|10|11|12|13|14|15|16,adr_3_to_6
47,IMFA,2026-04-28,1525.36,slots,5222.040000000619,498792.72,12,True,True,2|4|5|6|8|10|11|12|13|14|15|16,adr_3_to_6
49,MCX,2026-04-28,2852.0,slots,5222.040000000619,499100.0,12,True,True,2|4|5|6|8|10|11|12|13|14|15|16,adr_3_to_6
50,SGMART,2026-04-28,561.59,slots,5222.040000000619,499815.10000000003,12,True,True,2|4|5|6|8|10|11|12|13|14|15|16,adr_3_to_6
48,NATIONALUM,2026-04-29,433.0,slots,5222.040000000619,499682.0,12,True,True,2|4|5|6|8|10|11|12|13|14|15|16,adr_3_to_6
51,BELRISE,2026-04-30,211.16,slots,5222.040000000619,499815.72,12,True,True,2|4|5|6|8|10|11|12|13|14|15|16,adr_3_to_6
52,ADANIPOWER,2026-05-04,226.28,slots,5222.040000000619,499852.52,12,True,True,2|4|5|6|8|10|11|12|13|14|15|16,adr_3_to_6
53,SUNFLAG,2026-05-04,307.4,slots,5222.040000000619,499832.39999999997,12,True,True,2|4|5|6|8|10|11|12|13|14|15|16,adr_3_to_6
54,MACPOWER,2026-05-04,1200.0,slots,5222.040000000619,499200.0,12,True,True,2|4|5|6|8|10|11|12|13|14|15|16,adr_3_to_6
55,LINDEINDIA,2026-05-04,7561.0,slots,5222.040000000619,499026.0,12,True,True,2|4|5|6|8|10|11|12|13|14|15|16,adr_3_to_6
56,BRITANNIA,2026-05-05,5823.0,filter,5222.040000000619,494955.0,12,True,True,2|4|5|6|8|10|11|12|13|14|15|16,adr_3_to_6
57,JUNIORBEES,2026-05-05,778.94,filter,5222.040000000619,499300.54000000004,12,True,True,2|4|5|6|8|10|11|12|13|14|15|16,adr_3_to_6
58,CPPLUS,2026-05-05,2454.0,slots,5222.040000000619,498162.0,12,True,True,2|4|5|6|8|10|11|12|13|14|15|16,adr_3_to_6
59,JAINREC,2026-05-07,483.93,cash,465749.92950000067,499899.69,11,False,True,2|4|5|6|8|10|11|12|14|15|16,adr_3_to_6
60,SANSERA,2026-05-07,2606.32,cash,465749.92950000067,497807.12000000005,11,False,True,2|4|5|6|8|10|11|12|14|15|16,adr_3_to_6
61,APEX,2026-05-07,478.0,cash,465749.92950000067,499988.0,11,False,True,2|4|5|6|8|10|11|12|14|15|16,adr_3_to_6
62,HONASA,2026-05-07,360.87,cash,465749.92950000067,499804.95,11,False,True,2|4|5|6|8|10|11|12|14|15|16,adr_3_to_6
63,APEX,2026-05-07,485.42,cash,465749.92950000067,499982.60000000003,11,False,True,2|4|5|6|8|10|11|12|14|15|16,adr_3_to_6
64,CGPOWER,2026-05-07,856.84,cash,465749.92950000067,499537.72000000003,11,False,True,2|4|5|6|8|10|11|12|14|15|16,adr_3_to_6
65,LAURUSLABS,2026-05-08,1229.1,filter,465749.92950000067,499014.6,11,False,True,2|4|5|6|8|10|11|12|14|15|16,adr_3_to_6
66,ARFIN,2026-05-08,96.69,cash,465749.92950000067,499983.99,11,False,True,2|4|5|6|8|10|11|12|14|15|16,adr_3_to_6
67,CHENNPETRO,2026-05-08,1099.48,cash,465749.92950000067,499163.92,11,False,True,2|4|5|6|8|10|11|12|14|15|16,adr_3_to_6
68,KIRLOSENG,2026-05-13,1609.88,cash,465749.92950000067,499062.80000000005,11,False,True,2|4|5|6|8|10|11|12|14|15|16,adr_3_to_6
69,MACPOWER,2026-05-14,1124.67,cash,465749.92950000067,499353.48000000004,11,False,True,2|4|5|6|8|10|11|12|14|15|16,adr_3_to_6
70,ADANIPOWER,2026-05-14,218.55,cash,465749.92950000067,499823.85000000003,11,False,True,2|4|5|6|8|10|11|12|14|15|16,adr_3_to_6
71,JAYNECOIND,2026-05-14,106.18,cash,465749.92950000067,499895.44000000006,11,False,True,2|4|5|6|8|10|11|12|14|15|16,adr_3_to_6
72,LLOYDSME,2026-05-14,1771.92,cash,465749.92950000067,499681.44,11,False,True,2|4|5|6|8|10|11|12|14|15|16,adr_3_to_6
73,KIRLOSENG,2026-05-15,1618.0,cash,465749.92950000067,499962.0,11,False,True,2|4|5|6|8|10|11|12|14|15|16,adr_3_to_6
74,ADANIPOWER,2026-05-15,218.96,cash,465749.92950000067,499885.68,11,False,True,2|4|5|6|8|10|11|12|14|15|16,adr_3_to_6
75,JAINREC,2026-05-18,511.1,taken,966297.6145000007,499855.80000000005,10,False,False,4|5|6|8|10|11|12|14|15|16,adr_3_to_6
76,GVT&D,2026-05-18,4363.46,cash,466441.8145000007,497434.44,11,False,True,4|5|6|8|10|11|12|14|15|16|75,adr_3_to_6
77,BAJAJCON,2026-05-20,539.86,taken,2988883.696354001,499910.36,6,False,False,5|6|10|11|12|14,adr_3_to_6
78,APARINDS,2026-05-21,12883.0,taken,2488973.336354001,489554.0,7,False,False,5|6|10|11|12|14|77,adr_3_to_6
79,BHEL,2026-05-21,413.96,taken,1999419.336354001,499649.72,8,False,False,5|6|10|11|12|14|77|78,adr_3_to_6
80,WELCORP,2026-05-21,1348.81,taken,1499769.616354001,499059.69999999995,9,False,False,5|6|10|11|12|14|77|78|79,adr_3_to_6
81,WELCORP,2026-05-22,1285.3,taken,1000709.916354001,499981.69999999995,10,False,False,5|6|10|11|12|14|77|78|79|80,adr_3_to_6
82,POCL,2026-05-25,1541.99,taken,1088961.768854001,499604.76,10,False,False,5|6|10|11|12|77|78|79|80|81,adr_3_to_6
83,LLOYDSME,2026-05-25,1754.3,taken,589357.0088540011,499975.5,11,False,False,5|6|10|11|12|77|78|79|80|81|82,adr_3_to_6
84,POCL,2026-05-26,1392.73,slots,89381.50885400106,499990.07,12,True,True,5|6|10|11|12|77|78|79|80|81|82|83,adr_3_to_6
85,VEDL,2026-05-26,345.7,slots,89381.50885400106,499882.2,12,True,True,5|6|10|11|12|77|78|79|80|81|82|83,adr_3_to_6
86,BHEL,2026-05-29,417.25,taken,537489.708854001,499865.5,11,False,False,5|6|10|11|12|77|78|79|80|81|83,adr_3_to_6
87,VEDL,2026-06-01,346.79,slots,37624.208854001015,499724.39,12,True,True,5|6|10|11|12|77|78|79|80|81|83|86,adr_3_to_6
88,PRECWIRE,2026-06-04,445.5,taken,578623.618854001,499851.0,11,False,False,5|6|11|12|77|78|79|80|81|83|86,adr_3_to_6
89,ADANIENSOL,2026-06-05,1541.6,slots,78772.61885400105,499478.39999999997,12,True,True,5|6|11|12|77|78|79|80|81|83|86|88,adr_3_to_6
90,SANDHAR,2026-06-19,719.61,filter,3061203.926854001,499409.34,6,False,False,5|77|78|80|81|83,adr_3_to_6
91,MARKSANS,2026-06-23,268.31,taken,3061203.926854001,499861.53,6,False,False,5|77|78|80|81|83,adr_3_to_6
92,TALBROAUTO,2026-06-23,379.2,taken,2561342.396854001,499785.6,7,False,False,5|77|78|80|81|83|91,adr_3_to_6
93,SENORES,2026-06-24,1330.9,taken,2061556.796854001,499087.50000000006,8,False,False,5|77|78|80|81|83|91|92,adr_3_to_6
94,GALAPREC,2026-07-02,1173.41,taken,2597829.9793540007,499872.66000000003,7,False,False,5|77|80|81|91|92|93,adr_3_to_6
95,AEQUS,2026-07-03,238.7,filter,2097957.3193540005,499837.8,8,False,False,5|77|80|81|91|92|93|94,adr_3_to_6
96,AMAGI,2026-07-08,556.7,filter,2097957.3193540005,499916.60000000003,8,False,False,5|77|80|81|91|92|93|94,adr_3_to_6
97,RPTECH,2026-07-09,776.46,filter,2097957.3193540005,499263.78,8,False,False,5|77|80|81|91|92|93|94,adr_3_to_6
98,RUBICON,2026-07-10,1425.77,taken,2097957.3193540005,499019.5,8,False,False,5|77|80|81|91|92|93|94,adr_3_to_6
99,LAURUSLABS,2026-07-10,1534.3,taken,1598937.8193540005,498647.5,9,False,False,5|77|80|81|91|92|93|94|98,adr_3_to_6
100,PSPPROJECT,2026-07-14,1088.49,taken,1100290.3193540005,499616.91000000003,10,False,False,5|77|80|81|91|92|93|94|98|99,adr_3_to_6
101,MARKSANS,2026-07-15,275.18,taken,1147506.5043540006,499726.88,10,False,False,5|80|81|91|92|93|94|98|99|100,adr_3_to_6
102,INDSWFTLAB,2026-07-20,238.0,taken,647779.6243540006,499800.0,11,False,False,5|80|81|91|92|93|94|98|99|100|101,adr_3_to_6
103,CUPID,2026-07-24,213.84,taken,1982897.3255084008,499957.92,8,False,False,5|80|81|93|94|98|99|102,adr_3_to_6
104,NAVINFLUOR,2026-07-27,7739.36,filter,1482939.4055084009,495319.04,9,False,False,5|80|81|93|94|98|99|102|103,adr_3_to_6
105,RPTECH,2026-07-27,806.96,taken,1482939.4055084009,499508.24000000005,9,False,False,5|80|81|93|94|98|99|102|103,adr_3_to_6
106,RRKABEL,2026-07-27,2549.99,taken,983431.1655084009,499798.04,10,False,False,5|80|81|93|94|98|99|102|103|105,adr_3_to_6
107,VADILALIND,2026-07-28,6865.19,cash,483633.1255084009,494293.68,11,False,True,5|80|81|93|94|98|99|102|103|105|106,adr_3_to_6
108,LAURUSLABS,2026-07-28,1745.9,filter,483633.1255084009,499327.4,11,False,True,5|80|81|93|94|98|99|102|103|105|106,adr_3_to_6
109,AETHER,2026-07-30,1513.18,taken,1438780.5895084008,499349.4,9,False,False,5|80|81|98|99|102|103|105|106,adr_3_to_6
110,KTKBANK,2026-07-30,287.81,taken,939431.1895084007,499925.97000000003,10,False,False,5|80|81|98|99|102|103|105|106|109,adr_3_to_6
111,ATHERENERG,2026-08-03,1277.0,cash,439505.2195084007,499307.0,11,False,True,5|80|81|98|99|102|103|105|106|109|110,adr_3_to_6
112,UNIPARTS,2026-08-04,752.0,cash,439505.2195084007,499328.0,11,False,True,5|80|81|98|99|102|103|105|106|109|110,adr_3_to_6
113,SHILPAMED,2026-08-05,650.0,cash,439505.2195084007,499850.0,11,False,True,5|80|81|98|99|102|103|105|106|109|110,adr_3_to_6
114,AETHER,2026-08-06,1612.84,cash,439505.2195084007,499980.39999999997,11,False,True,5|80|81|98|99|102|103|105|106|109|110,adr_3_to_6
115,AVALON,2026-08-07,1831.75,cash,439505.2195084007,498236.0,11,False,True,5|80|81|98|99|102|103|105|106|109|110,adr_3_to_6
116,AVALON,2026-08-07,1943.06,cash,439505.2195084007,499366.42,11,False,True,5|80|81|98|99|102|103|105|106|109|110,adr_3_to_6
117,BHARATFORG,2026-08-07,2233.55,filter,439505.2195084007,498081.65,11,False,True,5|80|81|98|99|102|103|105|106|109|110,adr_3_to_6
118,ITBEES,2026-08-14,34.85,filter,439505.2195084007,499992.95,11,False,True,5|80|81|98|99|102|103|105|106|109|110,adr_3_to_6
119,PSUBNKBEES,2026-08-14,98.14,filter,439505.2195084007,499925.16,11,False,True,5|80|81|98|99|102|103|105|106|109|110,adr_3_to_6
120,MOMENTUM50,2026-08-18,54.56,filter,439505.2195084007,499987.84,11,False,True,5|80|81|98|99|102|103|105|106|109|110,adr_3_to_6
121,MOREALTY,2026-08-20,91.13,filter,439505.2195084007,499939.18,11,False,True,5|80|81|98|99|102|103|105|106|109|110,adr_3_to_6
122,PHARMABEES,2026-08-26,27.46,filter,925885.4957833195,499991.68,10,False,False,5|80|81|98|99|102|103|106|109|110,adr_3_to_6
123,JUNIORBEES,2026-09-07,789.36,filter,1442688.4957833195,499664.88,9,False,False,5|80|81|98|99|102|103|109|110,adr_3_to_6
124,NIFTYBEES,2026-09-07,273.45,filter,1442688.4957833195,499866.6,9,False,False,5|80|81|98|99|102|103|109|110,adr_3_to_6
125,MON100,2026-09-10,332.53,filter,1442688.4957833195,499792.58999999997,9,False,False,5|80|81|98|99|102|103|109|110,adr_3_to_6
126,GOLDBEES,2026-09-11,125.3,filter,1442688.4957833195,499947.0,9,False,False,5|80|81|98|99|102|103|109|110,adr_3_to_6
