name,verified,total,realised,open,taken,skipped,open_n,closed_win_pct,dd,top5_net,net_without_top5,missing_stop_taken,skip_reasons
baseline,True,2193571.011622429,1017922.0816224288,1175648.93,41,86,5,61.111111111111114,-6.260025694853278,1990062.192970375,203508.81865205383,10,"{'slots': 76, 'cash': 10}"
stocks_only,True,1755409.4647179225,576923.5647179225,1178485.9000000001,39,74,3,55.55555555555556,-7.0130556228901515,1853138.598274535,-97729.13355661253,8,"{'slots': 48, 'cash': 26}"
one_lot_per_stock,True,1798991.7793180288,1185914.649318029,613077.13,41,86,4,64.86486486486487,-5.402515313129907,1573879.085970375,225112.69334765384,11,"{'same stock': 10, 'slots': 75, 'cash': 1}"
momentum20_ge_0,True,1944948.000613379,773849.0806133789,1171098.9200000002,41,73,5,55.55555555555556,-7.533901002496757,1939743.0209703753,5204.979643003782,9,"{'slots': 45, 'cash': 28}"
momentum20_ge_5,True,1573992.64989751,320975.1498975099,1253017.5,40,57,4,50.0,-7.183680429527028,1609458.885970375,-35466.23607286508,11,"{'slots': 35, 'cash': 22}"
momentum20_ge_10,True,1345708.7691213787,92691.26912137856,1253017.5,38,43,4,44.11764705882353,-10.300640201507639,1518341.82624491,-172633.05712353135,12,"{'slots': 5, 'cash': 38}"
momentum60_ge_0,True,2054513.23659751,876027.3365975099,1178485.9000000001,39,75,3,55.55555555555556,-6.39956516819673,1939743.0209703753,114770.21562713478,11,"{'slots': 39, 'cash': 36}"
momentum60_ge_10,True,1306070.7711167536,127584.87111675358,1178485.9000000001,41,55,3,39.473684210526315,-7.876376355134685,1853138.598274535,-547067.8271577815,12,"{'slots': 4, 'cash': 51}"
momentum60_ge_20,True,1894261.0652642034,641243.5652642032,1253017.5,40,39,4,38.888888888888886,-6.6906242376806535,2004874.997,-110613.93173579662,10,{'cash': 39}
rs60_ge_0,True,1473050.4431848289,859973.3131848288,613077.13,41,78,4,54.054054054054056,-5.969337438965616,1573879.085970375,-100828.64278554614,13,"{'slots': 41, 'cash': 37}"
rs60_ge_5,True,1821162.2189520537,642676.3189520537,1178485.9000000001,39,68,3,52.77777777777778,-5.45555441745641,1853138.598274535,-31976.37932248134,13,"{'slots': 41, 'cash': 27}"
rs60_ge_10,True,2032044.06639751,853558.1663975099,1178485.9000000001,39,63,3,55.55555555555556,-6.446577802504638,1939743.0209703753,92301.04542713473,12,"{'slots': 37, 'cash': 26}"
above_ma20,True,1741209.4856679228,574116.3256679226,1167093.1600000001,40,71,4,52.77777777777778,-6.625279049362465,1853138.598274535,-111929.11260661227,10,"{'slots': 49, 'cash': 22}"
above_ma50,True,1659347.0473520537,483698.1173520537,1175648.93,41,75,5,50.0,-6.109888318025836,1853138.598274535,-193791.55092248134,12,"{'slots': 39, 'cash': 36}"
trend_stack,True,1459249.867266754,292156.7072667538,1167093.1600000001,42,54,4,42.10526315789474,-6.643871324432937,1853138.598274535,-393888.7310077811,11,"{'slots': 3, 'cash': 51}"
trend_stack_rising50,True,1459953.4010167539,292860.2410167538,1167093.1600000001,41,53,4,43.24324324324324,-5.393256268891489,1853138.598274535,-393185.19725778117,10,"{'slots': 1, 'cash': 52}"
extension20_le_5,True,1086277.3039763223,544994.0739763223,541283.23,30,28,5,48.0,-3.3833255170110266,1374607.8702745347,-288330.5662982124,9,{'cash': 28}
extension20_0_to_5,True,830299.1271163223,296374.66711632226,533924.46,28,16,3,40.0,-4.186310778067415,1277870.505274535,-447571.37815821264,6,{'cash': 16}
extension20_le_10,True,1255677.3096466975,1118694.9596466976,136982.34999999998,42,58,5,59.45945945945946,-5.360697766490197,1215748.785970375,39928.52367632254,9,"{'slots': 39, 'cash': 19}"
extension20_0_to_10,True,1800736.6847286227,584497.3247286226,1216239.36,36,50,4,50.0,-6.018803841352838,1901012.793,-100276.1082713774,8,"{'slots': 7, 'cash': 43}"
extension20_le_15,True,1774094.4573308288,1110040.8273308289,664053.63,42,78,4,60.526315789473685,-5.757197922058754,1624855.585970375,149238.87136045378,13,"{'slots': 62, 'cash': 16}"
extension20_0_to_15,True,1806375.6863139227,639282.5263139226,1167093.1600000001,39,67,4,54.285714285714285,-5.665735652278913,1853138.598274535,-46762.911960612284,9,"{'slots': 45, 'cash': 22}"
adr_2_to_5,True,2411702.159479319,1105532.699479319,1306169.46,34,51,5,72.41379310344827,-5.074698205881001,1951331.965,460370.19447931903,10,"{'slots': 41, 'cash': 10}"
adr_3_to_5,True,2352394.5096793193,1020443.609679319,1331950.9000000001,33,37,4,65.51724137931035,-5.211855117484376,1948188.3435000002,404206.16617931915,10,"{'slots': 27, 'cash': 10}"
adr_2_to_6,True,1355804.315640629,1198333.555640629,157470.76,41,68,2,61.53846153846154,-6.175385959303881,1215748.785970375,140055.5296702541,12,"{'slots': 50, 'cash': 18}"
adr_3_to_6,True,2156531.1480282294,928899.048028229,1227632.1,36,58,3,57.57575757575758,-6.442817083147457,1946819.3279703753,209711.82005785406,9,"{'slots': 35, 'cash': 23}"
adr_3_to_8,True,1770785.4344679227,592299.5344679226,1178485.9000000001,38,67,3,54.285714285714285,-6.625279049362465,1853138.598274535,-82353.16380661237,10,"{'slots': 45, 'cash': 22}"
adr_4_to_8,True,416984.5394882975,312665.7394882975,104318.79999999999,40,29,1,46.15384615384615,-9.91257523312391,745201.3912449098,-328216.85175661236,11,"{'slots': 19, 'cash': 10}"
adr_ge_2,True,1507388.5429848288,836492.1829848288,670896.36,40,80,3,54.054054054054056,-5.9435987467507445,1624855.585970375,-117467.04298554617,13,"{'slots': 45, 'cash': 35}"
adr_ge_3,True,1770785.4344679227,592299.5344679226,1178485.9000000001,38,67,3,54.285714285714285,-6.625279049362465,1853138.598274535,-82353.16380661237,10,"{'slots': 45, 'cash': 22}"
adr_ge_4,True,416984.5394882975,312665.7394882975,104318.79999999999,40,29,1,46.15384615384615,-9.91257523312391,745201.3912449098,-328216.85175661236,11,"{'slots': 19, 'cash': 10}"
adr_le_5,True,2403662.429479319,1105532.699479319,1298129.73,36,54,7,72.41379310344827,-5.24909122186582,1951331.965,452330.46447931905,11,"{'slots': 44, 'cash': 10}"
adr_le_6,True,1347764.585640629,1198333.555640629,149431.02999999997,43,71,4,61.53846153846154,-6.175385959303881,1215748.785970375,132015.7996702541,13,"{'slots': 53, 'cash': 18}"
within_10pct_high20,True,1966956.900613379,784465.2406133788,1182491.6600000001,40,76,4,55.55555555555556,-7.533901002496757,1939743.0209703753,27213.87964300369,9,"{'slots': 44, 'cash': 32}"
within_5pct_high20,True,1512753.369533319,213426.63953331904,1299326.73,35,42,6,55.172413793103445,-9.530224927919829,1473991.2930000003,38762.07653331873,13,"{'slots': 36, 'cash': 6}"
within_2pct_high20,True,606418.247343,-78380.10265700007,684798.3500000001,21,4,3,38.888888888888886,-7.600449041086154,787723.6435,-181305.39615699998,10,{'cash': 4}
within_10pct_high60,True,2066329.73109751,887843.8310975101,1178485.9000000001,38,73,3,57.142857142857146,-6.6588478105620075,1939743.0209703753,126586.71012713481,12,"{'slots': 39, 'cash': 34}"
within_5pct_high60,True,1275820.4764980192,-23506.253501980973,1299326.73,35,35,6,48.275862068965516,-9.24763778687776,1473991.2930000003,-198170.8165019811,14,"{'slots': 4, 'cash': 31}"
turnover_ge_1cr,True,1529240.4741848288,865186.8441848289,664053.63,41,84,4,54.054054054054056,-5.9435987467507445,1624855.585970375,-95615.11178554618,13,"{'slots': 45, 'cash': 39}"
turnover_ge_5cr,True,1179999.0567382977,1090965.9067382975,89033.14999999992,45,68,4,60.97560975609756,-7.047254467771769,1167874.59124491,12124.465493387775,13,"{'slots': 50, 'cash': 18}"
turnover_ge_10cr,True,1452180.8087382976,1209682.6587382976,242498.14999999997,42,64,5,62.16216216216216,-5.286435865317762,1215748.785970375,236432.0227679226,12,"{'slots': 46, 'cash': 18}"
prior_volume_ge_1x,True,684360.8619500002,326579.6519500001,357781.2100000001,20,16,3,58.8235294117647,-7.718625324779104,652100.5165,32260.34545000014,8,"{'slots': 9, 'cash': 7}"
prior_volume_ge_1.5x,True,519885.47579300014,162104.26579300006,357781.2100000001,18,4,3,53.333333333333336,-6.760971335970178,614859.7595500001,-94974.28375699994,6,{'cash': 4}
prior_volume_ge_2x,True,158101.12395100007,-199680.086049,357781.2100000001,14,0,3,27.272727272727273,-8.410848207370192,481538.96350000007,-323437.839549,7,{}
volume_dryup_le_0.8,True,587724.2265100033,92750.22651000333,494973.99999999994,36,24,3,36.36363636363637,-6.755907643159686,1093354.1302449098,-505629.90373490646,7,{'cash': 24}
volume_dryup_le_1,True,-184098.9911277967,-291226.5511277967,107127.55999999998,44,36,3,34.146341463414636,-10.958940446323883,687071.0607449098,-871170.0518727065,13,{'cash': 36}
rank_rs60,True,2185516.344622429,1009867.4146224288,1175648.93,38,89,5,60.60606060606061,-6.265916757655399,1990062.192970375,195454.15165205393,11,"{'slots': 64, 'cash': 25}"
rank_mom20,True,1849839.431172429,779706.3011724288,1070133.1300000001,40,87,5,54.285714285714285,-5.7047435850759225,1990062.192970375,-140222.76179794618,13,"{'slots': 47, 'cash': 40}"
rank_mom60,True,2185516.344622429,1009867.4146224288,1175648.93,38,89,5,60.60606060606061,-6.265916757655399,1990062.192970375,195454.15165205393,11,"{'slots': 64, 'cash': 25}"
rank_turnover,True,1731427.8500842976,1079822.9000842976,651604.95,42,85,5,62.16216216216216,-5.795506073717394,1624855.585970375,106572.2641139226,11,"{'slots': 70, 'cash': 15}"
rank_low_extension,True,2296923.6432684287,1121274.7132684288,1175648.93,40,87,5,62.857142857142854,-6.1854063865170446,1990062.192970375,306861.4502980537,10,"{'slots': 72, 'cash': 15}"
rank_near_high20,True,1551293.5198724288,892845.8398724288,658447.68,43,84,4,53.84615384615385,-5.792751222169434,1624855.585970375,-73562.06609794614,13,"{'slots': 60, 'cash': 24}"
adr3_6_and_rs_positive,True,2147436.635028229,919804.535028229,1227632.1,34,56,3,58.064516129032256,-5.347570769033927,1946819.3279703753,200617.3070578538,11,"{'slots': 29, 'cash': 27}"
adr3_6_and_trend,True,1731110.860224529,503478.7602245287,1227632.1,37,39,3,50.0,-5.842613803810115,1901012.793,-169901.93277547113,10,{'cash': 39}
trend_and_extension_le10,True,1287876.6232305975,395821.8632305974,892054.76,34,44,3,41.935483870967744,-3.8771427983339657,1682418.998274535,-394542.37504393747,9,"{'slots': 1, 'cash': 43}"
rs_positive_and_extension_le10,True,1010990.1448113975,874007.7948113976,136982.34999999998,41,55,5,52.77777777777778,-5.204269598343981,1215748.785970375,-204758.6411589774,12,"{'slots': 7, 'cash': 48}"
adr3_6_rank_rs,True,2131966.768057854,904334.6680578539,1227632.1,36,58,3,63.63636363636363,-5.80778402056088,1901012.793,230953.97505785385,11,"{'slots': 32, 'cash': 26}"
trend_rank_rs,True,2018918.5381224286,777293.7781224286,1241624.76,40,56,5,42.857142857142854,-6.672236806373,2000362.3599703752,18556.178152053384,13,"{'slots': 3, 'cash': 53}"
stocks_rank_rs,True,1889326.4092179227,710840.5092179226,1178485.9000000001,37,76,3,58.8235294117647,-5.989557771324905,1853138.598274535,36187.81094338768,10,"{'slots': 46, 'cash': 30}"
