id,symbol,entry_date,entry,quantity,baseline_decision,simulated_exit_date,simulated_exit_price,simulated_exit_reason,standalone_pnl,asof,history,is_etf,prior_close,ma20,ma50,ext20,ext50,ma20_over_50,ma50_rising,mom20,mom60,rs60,adr20,near_high20,near_high60,volume_ratio,dryup5,median_turnover20_cr
32,LAURUSLABS,2026-04-23,1123.95,444,slots,2026-09-22,2006.5,open,391852.19999999995,2026-04-22,157,False,1096.1,1061.875,1034.327,3.2230723955267715,5.972289227681382,True,True,16.001693300878394,5.852245292129399,9.56888634284897,2.688339267657865,95.74180023583875,95.74180023583875,1.0498248123572567,0.7627356294088987,166.52908157750002
41,ATHERENERG,2026-04-27,946.0,528,slots,2026-09-22,1543.8,open,315638.39999999997,2026-04-24,159,False,883.0,829.2725,761.211,6.478871541019382,15.999374680607614,True,True,17.882651358387292,39.79260666508351,45.20763056515679,5.502957317250638,93.14345991561181,93.14345991561181,0.5196986303977844,1.1470793463649427,335.25041525
65,LAURUSLABS,2026-05-08,1229.1,406,slots,2026-09-22,2006.5,open,315624.4,2026-05-07,167,False,1206.5,1122.6025,1062.439,7.47348237688763,13.559460825515623,True,True,14.095229088845795,23.0745690094869,28.725177615692953,2.6883821271609754,98.59442673857971,98.59442673857971,1.2423579349771765,1.769379363548439,192.6914290725
113,SHILPAMED,2026-08-05,650.0,769,slots,2026-09-22,1033.15,open,294642.3500000001,2026-08-04,222,False,644.65,620.225,578.962,3.938086984562039,11.345822351035117,True,True,7.477492497499161,47.51716247139588,45.746701786574384,3.4445028008832463,98.30728173846741,98.30728173846741,2.692048695049068,1.0313097101474682,29.68353504
58,CPPLUS,2026-05-05,2454.0,203,slots,2026-07-22,3473.7439999999997,close_stop,207008.03199999995,2026-05-04,164,False,2395.8,2124.885,1837.1100000000001,12.749631156509643,30.41135261361596,True,True,33.821147293749654,73.35745296671492,78.10407871218976,4.662318668206209,97.66816143497759,97.66816143497759,1.1263099017003761,0.7872246645465121,88.147409985
73,KIRLOSENG,2026-05-15,1618.0,309,cash,2026-07-20,2244.4215,close_stop,193564.24349999998,2026-05-14,172,False,1596.6,1661.34,1519.064,-3.896854346491385,5.104195741588224,True,True,-0.025046963055730398,20.53450098142835,29.30087838486549,3.9412346442880706,90.45892351274787,90.45892351274787,0.35783865196497167,0.6686276834958985,61.046817625
42,KIRLOSENG,2026-04-27,1680.45,297,slots,2026-07-20,2244.4215,close_stop,167499.53549999997,2026-04-24,159,False,1591.1,1491.04,1438.544,6.710752226633754,10.604889388159133,True,True,23.561388522171313,42.94313179408859,48.35815569416187,4.330805416057731,94.28740740740741,94.28740740740741,0.6582340805737561,1.0431233686722718,47.137685330000004
99,LAURUSLABS,2026-07-10,1534.3,325,slots,2026-09-22,2006.5,open,153465.00000000003,2026-07-09,210,False,1507.4,1454.385,1364.766,3.645183359289339,10.451168918334709,True,True,8.782564768708955,37.24222697682891,36.94437810755147,3.1289132218263593,96.93890675241157,96.93890675241157,0.767045614094337,0.8594766527279708,305.97490446
62,HONASA,2026-05-07,360.87,1385,slots,2026-07-24,442.32725,close_stop,112818.29124999998,2026-05-06,166,False,345.15,340.7075,311.727,1.3039043754540236,10.721881646440634,True,True,13.238188976377941,24.378378378378372,29.70388311673848,3.6216511968123526,95.94162612925643,95.94162612925643,0.2986322463194522,0.33804595991172687,17.916342219999997
98,RUBICON,2026-07-10,1425.77,350,slots,2026-09-22,1711.4,close_stop,99970.50000000004,2026-07-09,178,False,1407.2,1364.7549999999999,1167.203,3.1100820293752385,20.56171891264844,True,True,18.441208652470344,68.3052266475302,68.00737777825276,5.325084542437521,95.81262340845646,95.81262340845646,0.3955820804067681,0.554910794078273,42.27383727
14,CLEANMAX,2026-04-16,967.07,517,slots,2026-05-25,1137.7825,close_stop,88258.36249999999,2026-04-15,28,False,918.3,852.1125,,7.767460282533123,,,,1.9087781600266363,,,5.399605253746065,96.76501580611169,,0.8623784121160797,0.822693641338643,17.39932418
115,AVALON,2026-08-07,1831.75,272,slots,2026-09-16,2139.25,close_stop,83640.0,2026-08-06,230,False,1774.5,1743.09,1701.166,1.8019723594306702,4.3108079987491,True,True,2.655328011107261,37.43029739776951,31.567252689223956,4.727114688213681,94.79673059458304,94.79673059458304,1.3850850166636839,1.545674909051473,46.528306155
108,LAURUSLABS,2026-07-28,1745.9,286,slots,2026-09-22,2006.5,open,74531.59999999998,2026-07-27,222,False,1713.4,1548.79,1455.574,10.628296928570059,17.713012186257803,True,True,14.20382590148639,54.904619835457936,54.73620186599286,2.885523447137207,98.78351109829921,98.78351109829921,3.2817962907245524,1.3336728924914962,298.733925035
53,SUNFLAG,2026-05-04,307.4,1626,slots,2026-06-08,348.54980718125,disaster,66909.58647671255,2026-04-30,163,False,292.61,263.64,243.1274,10.988469124563816,20.35253945051032,True,True,50.752189592993325,16.531262445240948,21.876288022023495,4.9190494511370915,95.43705153294194,95.43705153294194,0.4178055574910529,0.6114024168497006,7.692387761499999
39,SENORES,2026-04-27,919.27,543,slots,2026-06-09,1015.3975,close_stop,52197.23250000003,2026-04-24,159,False,891.15,826.8425,793.653,7.777478782234826,12.284587848845785,True,True,25.46990496304118,6.323450456362223,11.738474356435503,4.104980864404137,94.35150873478031,94.35150873478031,1.3101840565847114,1.2147726673325314,21.686737505
116,AVALON,2026-08-07,1943.06,257,slots,2026-09-16,2139.25,close_stop,50420.830000000016,2026-08-06,230,False,1774.5,1743.09,1701.166,1.8019723594306702,4.3108079987491,True,True,2.655328011107261,37.43029739776951,31.567252689223956,4.727114688213681,94.79673059458304,94.79673059458304,1.3850850166636839,1.545674909051473,46.528306155
112,UNIPARTS,2026-08-04,752.0,664,slots,2026-09-21,827.3425,close_stop,50027.419999999984,2026-08-03,227,False,737.45,693.22,661.292,6.380369868151536,11.516546397053041,True,True,13.549926861190231,32.159498207885306,30.45146317499654,3.908347396892636,98.06515957446808,98.06515957446808,0.9018855065650797,1.3119170744533948,8.440062055000002
20,AEQUS,2026-04-17,170.78,2927,slots,2026-05-29,186.63215,close_stop,46399.24304999998,2026-04-16,84,False,160.23,128.34,134.1318,24.84805984104721,19.457130971179094,False,False,37.18321917808218,13.172764514761948,19.07390833367446,5.058173429129387,98.75500770416023,98.75500770416023,1.945582762834031,2.0540080402598377,12.532365663
51,BELRISE,2026-04-30,211.16,2367,slots,2026-07-07,221.885,close_stop,25386.074999999986,2026-04-29,162,False,213.96,206.2805,194.2862,3.722843409823051,10.126195272747118,True,True,12.699499604951292,33.64982197513899,38.35307726979027,3.3200403048673865,94.54706142288997,94.54706142288997,0.39357174209093637,0.5834777469445611,76.531342354
15,SYRMA,2026-04-16,926.15,539,slots,2026-05-19,970.125,close_stop,23702.525000000012,2026-04-15,152,False,895.05,800.9075,810.626,11.754478513436318,10.414667183139947,False,True,19.30818448413756,27.700099871593654,33.901490901846856,4.164989826207323,98.5737885462555,98.5737885462555,1.2518167871547246,0.7992450231862688,86.2769961525
89,ADANIENSOL,2026-06-05,1541.6,324,cash,2026-08-07,1611.9,close_stop,22777.20000000006,2026-06-04,186,False,1520.0,1399.075,1266.395,8.643210692779157,20.025742363164724,True,True,8.008242734313932,58.25091098386257,62.46671393384273,4.692562459472508,96.29394995248654,96.29394995248654,0.6927554424421779,0.8236391392428687,488.00172766000003
64,CGPOWER,2026-05-07,856.84,583,slots,2026-07-06,895.5,close_stop,22538.77999999998,2026-05-06,166,False,828.9,785.075,734.409,5.5822692099480875,12.866263893824836,True,True,20.60235704932345,25.296651802584847,30.622156540944957,3.1710784935664558,97.87460148777896,97.87460148777896,2.555320266466325,1.2860660217982034,267.203148765
76,GVT&D,2026-05-18,4363.46,114,cash,2026-07-03,4558.692,close_stop,22256.447999999997,2026-05-15,173,False,4342.6,4437.465,4042.114,-2.137819678577746,7.433882369473022,True,True,6.587796377202904,19.8785369220152,28.422007001051696,3.8444430655773356,89.55660961022893,89.55660961022893,0.4215065035909789,0.5817875212018961,260.4481494
107,VADILALIND,2026-07-28,6865.19,72,slots,2026-09-11,7089.375,close_stop,16141.320000000029,2026-07-27,222,False,6761.5,6543.12,5870.914,3.337551504481051,15.169460836932714,True,True,6.256089511896157,42.44633113531506,42.27791316584999,3.2539571561696046,96.63427183078463,96.63427183078463,0.36485611308216476,0.5143351102146665,6.179741075
49,MCX,2026-04-28,2852.0,175,slots,2026-05-29,2921.4533125875,disaster,12154.329702812503,2026-04-27,160,False,2830.0,2668.235,2542.862,6.062621920483013,11.291922251384467,True,True,16.990491938817698,24.01402278702893,28.025857523389064,3.078408551541491,97.4853599724423,97.4853599724423,0.46983223625473264,0.6286813939454774,903.717718775
97,RPTECH,2026-07-09,776.46,643,slots,2026-08-25,785.75165795625,disaster,5974.536065868745,2026-07-08,209,False,740.45,708.59,597.234,4.4962531223980085,23.979880582820122,True,True,33.98172441870986,91.72708441222166,90.91072759007612,6.181627430946028,91.09306760164851,91.09306760164851,0.12364322503652661,0.1907071481299576,68.6627644525
70,ADANIPOWER,2026-05-14,218.55,2287,cash,2026-06-16,220.7905,close_stop,5124.023499999994,2026-05-13,171,False,213.87,214.58100000000002,176.9164,-0.33134340878270274,20.88760567137924,True,True,17.932175351530198,43.48876216034887,53.06772387175369,4.067877766474684,91.2414675767918,91.2414675767918,0.8229574759462339,0.6544322351349263,1168.591367469
74,ADANIPOWER,2026-05-15,218.96,2283,cash,2026-06-16,220.7905,close_stop,4179.031500000002,2026-05-14,172,False,224.49,216.63400000000001,178.5954,3.6263929023145014,25.697526364060884,True,True,22.38456086790601,48.75753760519517,57.52391500863231,4.1363523586634585,95.7721843003413,95.7721843003413,0.719994184565459,0.6766225149149674,1168.591367469
50,SGMART,2026-04-28,561.59,890,slots,2026-06-04,563.17,close_stop,1406.1999999999352,2026-04-27,151,False,552.65,525.735,475.573,5.119499367552094,16.20718585790195,True,True,19.673018622780415,58.21643286573146,62.22826760209159,4.9594413068819145,96.49061545176778,96.49061545176778,0.6995618389248158,1.028782774255121,13.054994890000001
126,GOLDBEES,2026-09-11,125.3,3990,slots,2026-09-22,125.0,open,-1196.9999999999886,2026-09-10,255,True,126.2,127.798,122.5652,-1.2504108045509277,2.965605245208258,True,True,0.573796620975453,1.9797979797979925,4.1547458030193996,1.115406259423171,94.4540079335379,94.4540079335379,0.5412131421987878,0.6348067864819985,324.1460605295
33,KINGFA,2026-04-23,4987.74,100,slots,2026-06-11,4975.0,close_stop,-1273.9999999999782,2026-04-22,100,False,4826.5,4351.835,4280.548,10.90723798121942,12.754254829054613,True,True,19.12577747062889,12.871541825495193,16.588182876214763,3.2700934422410226,97.50702034384534,97.50702034384534,0.8635441815548044,1.1813313222533006,1.8099878799999998
30,NMDC,2026-04-22,88.72,5635,slots,2026-06-17,87.70925000000001,close_stop,-5695.576249999929,2026-04-21,156,False,88.47,82.0,81.3798,7.89024390243902,8.712481475747058,True,True,11.297018492892196,8.698857353483236,12.842074561645378,2.9787806942757964,98.1146722856826,98.1146722856826,0.8705604725216766,1.1140985441891458,211.2727912035
29,RISHABH,2026-04-17,471.57,1060,slots,2026-05-19,463.52075,close_stop,-8532.20499999997,2026-04-16,96,False,464.9,405.47249999999997,412.712,14.656357706132962,12.645137529318262,False,True,18.945887168990637,31.272059861640543,37.17320368055306,6.333765704608372,96.05371900826447,96.05371900826447,1.3314158087102466,1.9890730357247766,2.3917034774999997
114,AETHER,2026-08-06,1612.84,310,slots,2026-09-16,1580.06,close_stop,-10161.799999999992,2026-08-05,229,False,1589.4,1485.01,1322.696,7.029582292375136,20.16366572515531,True,True,12.452242818734959,32.37278254351628,28.722282728632912,3.81823405307819,98.45143706640238,98.45143706640238,0.6592615131158971,2.0024110260792036,33.472540725
18,GMDCLTD,2026-04-16,658.77,758,slots,2026-05-18,644.76,close_stop,-10619.579999999993,2026-04-15,152,False,622.3,576.7475,574.143,7.898170343174438,8.387631652741545,True,True,12.025202520252009,10.385809312638571,16.58720034289177,4.1289852256453825,96.78071539657853,96.78071539657853,1.0868746457291836,0.6984644830001603,154.9140145275
125,MON100,2026-09-10,332.53,1503,slots,2026-09-22,324.95,open,-11392.739999999976,2026-09-09,254,True,340.57,331.587,328.0744,2.7090929379016693,3.8087702057825856,True,True,2.841526754438939,3.1811433938255584,4.47683301726578,0.9069182976647256,95.96224288531981,95.96224288531981,3.5832972006616646,1.8532533723471687,12.442679492500002
124,NIFTYBEES,2026-09-07,273.45,1828,slots,2026-09-22,266.64,open,-12448.680000000004,2026-09-04,251,True,273.27,276.2075,275.6218,-1.0635120335255155,-0.8532706774282861,True,True,-2.3442804559911434,4.051326961885526,0.0,1.2434354717499876,96.24216383743044,96.09663466610402,0.6409915403945917,1.0628328819878514,124.75034110550001
26,TENNIND,2026-04-17,594.95,840,slots,2026-05-20,579.687,close_stop,-12820.920000000027,2026-04-16,99,False,582.6,543.7225,549.194,7.1502466791424135,6.082732149295156,False,True,13.545117910738647,8.948106591865358,14.84925041077787,3.9686393185422784,98.08080808080808,96.77740863787375,1.6506379875057364,0.8888025747202702,27.593738422500003
57,JUNIORBEES,2026-05-05,778.94,641,slots,2026-09-16,756.2,close_stop,-14576.340000000006,2026-05-04,164,True,759.22,737.374,724.651,2.962675657129221,4.770434319417216,True,True,13.373950960188763,4.058332533819442,8.804958279294283,2.0312414588501264,97.91586061028141,97.91586061028141,0.5896041242517083,0.5819959319656938,42.382286302
17,QPOWER,2026-04-16,1126.21,443,slots,2026-05-18,1093.2065,close_stop,-14620.550500000014,2026-04-15,152,False,1107.65,870.5550000000001,836.295,27.234924846793128,32.44728235849792,True,True,35.02163710611326,62.51925757464605,68.72064860489925,5.501773002958136,99.003396496246,99.003396496246,3.827090921119194,1.6077331877267487,107.57795469749999
83,LLOYDSME,2026-05-25,1754.3,285,slots,2026-06-25,1696.1765,close_stop,-16565.197499999977,2026-05-22,178,False,1737.3,1734.07,1517.512,0.18626699037525007,14.483443952996744,True,True,2.326540228531049,54.097924427887165,60.783547564026975,3.3103858431575013,94.1115926327194,94.1115926327194,0.5700131735901963,0.6045212793656635,98.85444428
36,GLENMARK,2026-04-24,2359.9,211,slots,2026-06-01,2277.356,close_stop,-17416.78399999997,2026-04-23,158,False,2335.0,2178.115,2126.094,7.202787731593618,9.825812029007185,True,True,7.105178661529288,20.27402905120015,24.201033788873428,3.2316420402625328,98.9658387725693,98.9658387725693,2.8777295951008224,0.943963823350585,119.44275799
52,ADANIPOWER,2026-05-04,226.28,2209,slots,2026-06-11,218.1438,close_stop,-17972.865800000007,2026-04-30,163,False,221.85,192.3345,164.0282,15.345920778643451,35.25113364653152,True,True,47.47723193511932,65.70809680310725,71.0531223798898,4.1293847653479885,98.05958274398868,98.05958274398868,1.0449348853452547,0.8526455067887451,1221.4930830014998
22,EMMVEE,2026-04-17,262.86,1902,slots,2026-05-19,252.48125,close_stop,-19740.382500000047,2026-04-16,100,False,259.14,228.1805,213.209,13.567986747333794,21.542711611611143,True,True,29.401777689004295,22.189739720860047,28.09088353977256,6.012316328593955,96.25942572712754,96.25942572712754,1.9775224660727506,1.7001087811980338,54.82721337899999
72,LLOYDSME,2026-05-14,1771.92,282,cash,2026-06-25,1696.1765,close_stop,-21359.667000000012,2026-05-13,171,False,1749.8,1703.425,1448.596,2.722456227893799,20.792822843636174,True,True,16.428238738439017,40.01760422501399,49.59656593641881,3.2565949898970854,94.78873239436619,94.78873239436619,0.9803010840368936,0.7648342809745833,126.77576399000002
12,SILVERCASE,2026-04-15,25.31,19755,slots,2026-06-08,24.228250000000003,close_stop,-21369.971249999922,2026-04-13,151,True,23.89,23.837,25.6118,0.22234341569828953,-6.722682513528911,False,False,-10.52434456928838,-2.0901639344262257,5.16060174918298,5.562641333142137,88.51426454242312,62.851881083925285,0.3235305909965935,0.6045018952515165,41.443684371500005
16,ICICIAMC,2026-04-16,3272.99,152,slots,2026-05-19,3129.3745,close_stop,-21829.555999999982,2026-04-15,76,False,3221.0,2969.155,3010.494,8.48204287078309,6.9924072261894565,False,True,9.695875762013406,22.499429527648896,28.700820557902098,4.6213815091665005,93.9067055393586,93.9067055393586,4.120761331961941,1.8098421218715572,143.274656165
44,TATASTEEL,2026-04-27,213.41,2342,slots,2026-06-09,201.98499999999999,close_stop,-26757.350000000028,2026-04-24,159,False,210.07,203.357,202.0842,3.301091184468685,3.9517191348952485,True,True,12.23486669872309,11.08937070333158,16.50439460340486,2.209035096399583,97.93929786936454,97.05243705243706,0.7324639344865732,0.7123253184221524,574.6665870104999
43,GPIL,2026-04-27,301.45,1658,slots,2026-05-27,285.0675,close_stop,-27162.18499999999,2026-04-24,159,False,289.95,286.6725,270.4508,1.143290688852261,7.209888083155969,True,True,15.128052412150094,15.725404110955887,21.140428011029165,3.667161176851298,93.38164251207729,93.38164251207729,0.5787084513401656,0.5129752349252448,82.142433585
28,NATCOPHARM,2026-04-17,1125.25,444,slots,2026-05-29,1063.7718018062496,disaster,-27296.31999802516,2026-04-16,153,False,1086.8,1014.22,953.437,7.156238291494943,13.987604844368317,True,True,13.699848302557927,24.66161963753155,30.562763456444063,3.663280037711307,95.76596025906508,95.76596025906508,0.850966853535011,0.7655267396446399,68.89540453250001
119,PSUBNKBEES,2026-08-14,98.14,5094,slots,2026-09-16,90.79375,close_stop,-37421.797499999986,2026-08-13,235,True,98.11,95.006,94.7614,3.2671620739742835,3.533717315278162,True,True,5.223080223080223,10.32272573934554,6.380421640096623,2.166404853818785,98.44471202087097,98.11,0.5624185853516181,1.3988097591963289,17.5725563345
13,LENSKART,2026-04-15,550.99,907,slots,2026-05-06,507.74850000000004,close_stop,-39220.040499999974,2026-04-13,104,False,549.2,507.8975,495.135,8.132054203850192,10.919244246518645,True,True,10.038068523342014,19.978154014199912,27.22891969780912,4.20885340034491,99.60101559666306,99.60101559666306,0.9871760692304863,1.1672566172726273,105.74276736750001
67,CHENNPETRO,2026-05-08,1099.48,454,slots,2026-05-13,1010.0245,close_stop,-40612.79700000001,2026-05-07,167,False,1076.2,1038.5674999999999,996.104,3.6235006391014624,8.040927453358293,True,True,11.160460672416473,22.17050743557727,27.821116041783323,4.822970006453772,92.79986203328447,92.79986203328447,0.30243645415888054,0.6621176810140468,195.77931471
47,IMFA,2026-04-28,1525.36,327,slots,2026-06-02,1398.2735,close_stop,-41557.28549999996,2026-04-27,160,False,1521.9,1396.85,1323.05,8.952285499516787,15.029666301349165,True,True,26.930775646371984,37.45484104046244,41.46667577682257,4.667822433521884,95.89792060491493,95.89792060491493,1.0994562572884514,0.9840361732895367,18.873988490000002
118,ITBEES,2026-08-14,34.85,14347,slots,2026-09-11,31.939500000000002,close_stop,-41756.94349999999,2026-08-13,235,True,34.77,33.7965,32.0978,2.8804757889130617,8.325181165064288,True,True,9.09946658299341,7.149460708782751,3.2071566095338344,2.9526301756335407,94.02379664683615,94.02379664683615,0.35336192540968947,0.5983417202053889,43.314276775
24,SMSPHARMA,2026-04-17,431.72,1158,slots,2026-04-27,395.214,close_stop,-42273.94800000003,2026-04-16,153,False,424.4,393.7725,372.905,7.777968243084521,13.809147101808783,True,True,15.091525423728802,25.2841328413284,31.185276660240913,5.186141335304444,94.77445288075033,94.77445288075033,1.0394285299360484,1.1989556283734946,13.916263480000001
56,BRITANNIA,2026-05-05,5823.0,85,slots,2026-05-13,5318.275,close_stop,-42901.62500000003,2026-05-04,164,False,5792.5,5649.35,5785.95,2.533919831485032,0.11320526447688994,False,False,5.818414322250631,-1.1603105537070224,3.5863151917678193,2.476772127112095,97.78021607022282,93.29950873802045,0.8076527455886834,0.9114272212481181,219.73293515
117,BHARATFORG,2026-08-07,2233.55,223,slots,2026-08-12,2040.745,close_stop,-42995.515000000065,2026-08-06,230,False,2210.0,2169.71,2088.374,1.8569301888270662,5.823956819994902,True,True,3.7266497700178425,15.525352848928375,9.662308140382823,2.156231711053753,98.99216125419933,98.74888293118856,1.1983124288956477,1.0174036795544144,155.783404035
19,CEINSYS,2026-04-16,1153.23,433,slots,2026-05-05,1052.6105,close_stop,-43568.243500000004,2026-04-15,35,False,1104.2,987.555,,11.811494043369741,,,,9.40797621996532,,,7.422536624728088,93.87460148777896,,0.8699238977368909,0.8224681718405856,8.887703165000001
71,JAYNECOIND,2026-05-14,106.18,4708,cash,2026-06-04,96.61449999999999,close_stop,-45034.37400000007,2026-05-13,171,False,104.73,104.7865,87.1184,-0.053919159433701846,20.215706440889658,True,True,20.22729881758696,32.452257493360335,42.03121920476516,5.018839295420301,89.51282051282051,89.51282051282051,0.5667161962729689,0.5990381281853855,69.552781356
31,PFOCUS,2026-04-22,332.74,1502,slots,2026-05-05,302.48,close_stop,-45450.51999999999,2026-04-21,156,False,328.2,323.915,290.9646,1.3228779155025183,12.797226879146105,True,True,24.036281179138296,51.00069013112491,55.143907339287054,6.4880113364416365,89.42779291553134,89.42779291553134,0.237811550096005,0.4358486510213734,120.224010495
54,MACPOWER,2026-05-04,1200.0,416,slots,2026-05-18,1090.0225,close_stop,-45750.639999999985,2026-04-30,163,False,1127.6,1048.5049999999999,964.5889999999999,7.543597789233236,16.899529229547493,True,True,42.203165395043804,35.675610636505816,41.02063621328836,5.977816119998526,94.48634154516506,94.48634154516506,0.3410686407471808,0.555938337825206,2.650841
55,LINDEINDIA,2026-05-04,7561.0,66,slots,2026-06-02,6865.5,close_stop,-45903.0,2026-04-30,163,False,7320.0,7201.525,7016.78,1.6451376618146885,4.321355379533065,True,True,6.954997077732328,25.203112973573937,30.548138550356484,3.06121496498936,97.5154865782988,97.40518962075848,0.5421389233584973,0.8469521730396363,32.621682125
37,AUBANK,2026-04-24,1059.76,471,slots,2026-05-20,962.0654999999999,close_stop,-46014.10950000003,2026-04-23,158,False,1056.25,943.0175,954.845,12.007465396983608,10.620048280087335,False,False,17.165834719911267,6.166448889335618,10.093453627008897,3.250378423112801,99.72148791540785,99.72148791540785,1.9762337904121217,1.1260502222337376,190.56024620749997
48,NATIONALUM,2026-04-29,433.0,1154,slots,2026-05-12,393.025,close_stop,-46131.15000000002,2026-04-28,161,False,441.5,418.26,387.919,5.556352508009366,13.812419603061477,True,True,20.20147018785734,14.79459178367133,19.61192577147023,3.1435550657642723,99.1800516679771,99.1800516679771,0.6743526488086525,0.7365587658924598,509.60285419249993
25,SHRIPISTON,2026-04-17,3678.9,135,slots,2026-05-15,3333.25,close_stop,-46662.750000000015,2026-04-16,153,False,3606.2,3141.83,3062.47,14.780239541923024,17.75462290242844,True,True,26.26308602639964,18.39910696697089,24.300250785883403,4.88357135379485,96.44824819470446,96.44824819470446,0.5828843079930099,1.3304035317855778,26.923879369999998
121,MOREALTY,2026-08-20,91.13,5486,slots,2026-09-16,82.585,close_stop,-46877.87000000001,2026-08-19,239,True,89.43,89.9585,87.3128,-0.5874931218283974,2.424844925371783,True,True,-0.9085872576177212,13.952599388379205,12.985652074139708,2.232936843387335,95.47347069499305,93.32150683502034,0.6664859528735863,0.8509061316690179,5.6756943745
27,GMDCLTD,2026-04-17,763.6,654,slots,2026-04-21,691.525,close_stop,-47137.05000000003,2026-04-16,153,False,746.75,587.6475,576.711,27.074479173313936,29.484265082510987,True,True,41.229314420803775,30.928377312176725,36.82952113108924,4.666067349046947,100.0,100.0,11.390996401169316,1.8625468336830355,160.69131265
60,SANSERA,2026-05-07,2606.32,191,slots,2026-05-13,2348.2,close_stop,-49300.920000000064,2026-05-06,166,False,2506.6,2423.795,2277.382,3.4163367776565146,10.064978119612778,True,True,16.93412950177271,35.345572354211654,40.671077092571764,4.471552218995033,93.79232927970065,93.79232927970065,0.4509526829792995,0.7032675518705099,57.17622617999999
46,STEELCAS,2026-04-28,306.0,1633,slots,2026-05-05,275.615,close_stop,-49618.70499999999,2026-04-27,160,False,296.58,268.20550000000003,245.0372,10.57938782016028,21.03468371333004,True,True,35.37520540441845,61.738561378633364,65.75039611499349,5.295944796068638,97.5592105263158,97.5592105263158,0.4523674890628255,0.46616680804706645,1.745024144
23,PFOCUS,2026-04-17,364.78,1370,slots,2026-04-21,328.2505,close_stop,-50045.41499999998,2026-04-16,153,False,347.7,312.95,285.3252,11.104010225275607,21.8609502420396,True,True,35.05535055350553,43.411012579913375,49.31215639882589,6.194330618095093,96.85236768802228,96.85236768802228,0.4617106265644976,0.5063713715941668,120.224010495
66,ARFIN,2026-05-08,96.69,5171,slots,2026-05-19,86.8635,close_stop,-50812.83149999998,2026-05-07,101,False,95.39,93.9505,82.7224,1.532189823364427,15.313385491716879,True,True,24.124918672739113,26.629496880392935,32.28010548659899,4.625808849038571,95.15211970074813,95.15211970074813,1.2789469429705898,0.7481938657528985,14.041713160499999
35,ABSLAMC,2026-04-24,1097.17,455,slots,2026-05-19,985.448,close_stop,-50833.510000000046,2026-04-23,158,False,1047.45,974.6575,934.425,7.468520993271999,12.095673810097129,True,True,10.882337373630445,33.95357759447535,37.88058233214863,4.3894247870366305,96.78447678447678,96.78447678447678,4.2878032105586446,1.480168947962459,33.64221191
86,BHEL,2026-05-29,417.25,1198,cash,2026-06-11,374.66725,close_stop,-51014.13449999997,2026-05-27,181,False,422.35,396.763,328.4426,6.448938031016005,28.59172348532133,True,True,19.069098700346764,61.32543926661573,67.20002672536161,3.8339591330734684,99.44666823640218,99.44666823640218,0.4985413162396933,0.44676441603809336,623.868968391
85,VEDL,2026-05-26,345.7,1446,slots,2026-06-08,309.445,close_stop,-52424.729999999996,2026-05-25,179,False,332.5,381.555,579.369,-12.856599965928893,-42.60997740645427,False,False,-53.880296830570785,-51.27848194006888,-45.31782778939294,4.120170830397906,42.62820512820513,41.82389937106918,0.24136793207907398,0.41920022637588167,1752.768172495
87,VEDL,2026-06-01,346.79,1441,cash,2026-06-08,309.445,close_stop,-53814.14500000004,2026-05-29,182,False,352.6,321.395,557.15,9.70923629801337,-36.7136318765144,False,False,-54.42088934850051,-51.552624347348164,-44.3288430356342,3.986673322770071,97.94444444444444,44.35220125786164,0.7099765506877231,0.5550619262128068,1270.3612671225
40,SARDAEN,2026-04-27,607.95,822,slots,2026-05-18,538.295,close_stop,-57256.41000000007,2026-04-24,159,False,581.4,553.145,534.1320000000001,5.108063889215297,8.84949787692928,True,True,19.703520691785048,24.204229865413353,29.619253765486633,3.3266538961400207,96.25827814569537,96.25827814569537,0.268644181394158,0.562183011721263,28.9666017775
84,POCL,2026-05-26,1392.73,359,slots,2026-06-09,1224.049,close_stop,-60556.479000000014,2026-05-25,179,False,1507.5,1419.76,1239.488,6.179917732574514,21.622799091237678,True,True,24.886090630436584,29.11099691675232,35.071651067428256,5.414621494314599,93.11303273625695,93.11303273625695,0.7968765145925389,0.8239786591616901,51.894453585
45,ROSSTECH,2026-04-27,988.76,505,slots,2026-05-11,859.8553588,disaster,-65096.843806000004,2026-04-24,159,False,911.85,835.775,756.11,9.102330172594296,20.59753210511699,True,True,35.30939308502745,40.209118167140765,45.624142067214045,6.115259400730048,89.6739932143384,89.6739932143384,0.3895365584891627,0.647080048829809,4.726790025
69,MACPOWER,2026-05-14,1124.67,444,cash,2026-05-29,978.0467721,disaster,-65100.713187600035,2026-05-13,171,False,1183.1,1151.8725,1010.809,2.711020533956665,17.044862085715494,True,True,14.847352327330942,30.94631986718317,40.52528157858799,5.378574084616646,94.64799999999998,94.64799999999998,0.2317894068201651,0.8317448583573145,2.7030718125
21,SAKAR,2026-04-23,633.14,789,slots,2026-05-07,550.5975381999999,disaster,-65126.00236020005,2026-04-22,137,False,620.9,555.93,524.466,11.686723148597844,18.387083242765012,True,True,18.435860753457312,51.95790504160547,55.674546092325045,5.617330113129962,97.04595185995625,97.04595185995625,0.8421379105815662,0.8020002523558749,3.94886694
59,JAINREC,2026-05-07,483.93,1033,slots,2026-05-19,420.84004590000006,disaster,-65171.922585299944,2026-05-06,144,False,462.25,433.27750000000003,425.928,6.686823109900697,8.527732386694463,True,True,2.6423892528033788,15.202492211838003,20.527996950198112,3.632349643832803,95.95225739491437,95.95225739491437,0.9382645365570627,1.2900347232288991,43.74548222999999
34,RHETAN,2026-04-24,28.3,17667,slots,2026-05-04,24.610529,disaster,-65181.88415700002,2026-04-23,139,False,28.71,25.2635,25.4362,13.642211095058098,12.870633192064851,False,False,14.794082367053175,7.327102803738317,11.254107541411596,3.3342282118512556,99.6875,99.6875,6.400845725470605,1.777384811775188,2.66643731
63,APEX,2026-05-07,485.42,1030,slots,2026-05-18,422.13579460000005,disaster,-65182.731561999964,2026-05-06,166,False,468.85,451.3075,408.541,3.8870393246289936,14.762043466873598,True,True,19.864502109165304,33.08260005676979,38.4081047951299,5.993308698239349,91.12730806608357,91.12730806608357,0.37477860521244544,0.5659171381440294,30.305076789999998
61,APEX,2026-05-07,478.0,1046,slots,2026-05-18,415.68314,disaster,-65183.43556000002,2026-05-06,166,False,468.85,451.3075,408.541,3.8870393246289936,14.762043466873598,True,True,19.864502109165304,33.08260005676979,38.4081047951299,5.993308698239349,91.12730806608357,91.12730806608357,0.37477860521244544,0.5659171381440294,30.305076789999998
38,RHETAN,2026-04-24,29.2,17123,slots,2026-05-04,25.393196,disaster,-65183.90489199999,2026-04-23,139,False,28.71,25.2635,25.4362,13.642211095058098,12.870633192064851,False,False,14.794082367053175,7.327102803738317,11.254107541411596,3.3342282118512556,99.6875,99.6875,6.400845725470605,1.777384811775188,2.66643731
