date,realised_pnl,unrealised_pnl,total_pnl,portfolio_return_pct,nifty_close,nifty_return_pct,open_positions
2026-04-01,-300.11,0.0,-300.11,-0.015,22679.4,0.0,0
2026-04-02,-4922.68,0.0,-4922.68,-0.2461,22713.1,0.1486,0
2026-04-06,-4922.68,13.95,-4908.73,-0.2454,22968.25,1.2736,1
2026-04-07,-4922.68,17.61,-4905.07,-0.2453,23123.65,1.9588,1
2026-04-08,-4922.68,48.24,-4874.44,-0.2437,23997.35,5.8112,1
2026-04-09,-4922.68,41.67,-4881.01,-0.2441,23775.1,4.8313,1
2026-04-10,-4922.68,49.05,-4873.63,-0.2437,24050.6,6.046,1
2026-04-13,-4922.68,41.76,-4880.92,-0.244,23842.65,5.1291,1
2026-04-15,-4922.68,-12475.95,-17398.63,-0.8699,24231.3,6.8428,14
2026-04-16,-4922.68,32925.19,28002.51,1.4001,24196.75,6.6904,20
2026-04-17,4928.27,49900.92,54829.19,2.7415,24353.55,7.3818,29
2026-04-20,32780.37,43767.48,76547.85,3.8274,24364.85,7.4316,26
2026-04-21,51422.98,42179.31,93602.29,4.6801,24576.6,8.3653,25
2026-04-22,51422.98,60368.38,111791.36,5.5896,24378.1,7.4901,29
2026-04-23,72811.62,42489.28,115300.9,5.765,24173.05,6.5859,30
2026-04-24,44699.89,15307.99,60007.88,3.0004,23897.95,5.3729,28
2026-04-27,37661.89,41473.8,79135.69,3.9568,24092.7,6.2316,35
2026-04-28,37661.89,31466.86,69128.75,3.4564,23995.7,5.8039,37
2026-04-29,18854.69,51706.09,70560.78,3.528,24177.65,6.6062,36
2026-04-30,2725.92,21018.53,23744.45,1.1872,23997.55,5.8121,31
2026-05-04,-27615.99,84847.54,57231.55,2.8616,24119.3,6.3489,29
2026-05-05,-42882.54,89485.21,46602.67,2.3301,24032.8,5.9675,28
2026-05-06,-53807.09,141687.93,87880.84,4.394,24330.95,7.2822,27
2026-05-07,-54191.29,205015.52,150824.23,7.5412,24326.65,7.2632,32
2026-05-08,-34631.79,170765.68,136133.89,6.8067,24176.15,6.5996,34
2026-05-11,-63367.4,135941.1,72573.7,3.6287,23815.85,5.0109,31
2026-05-12,-112187.95,114640.99,2453.04,0.1227,23379.55,3.0872,25
2026-05-13,-93929.9,163318.64,69388.74,3.4694,23412.6,3.2329,25
2026-05-14,-110379.32,193070.71,82691.39,4.1346,23689.6,4.4543,26
2026-05-15,-126439.35,176934.23,50494.88,2.5247,23643.5,4.251,25
2026-05-18,-116417.32,114458.16,-1959.16,-0.098,23649.95,4.2794,21
2026-05-19,-102795.12,101715.52,-1079.6,-0.054,23618.0,4.1386,20
2026-05-20,-111758.52,152277.32,40518.8,2.0259,23659.0,4.3193,20
2026-05-21,-111758.52,166365.72,54607.2,2.7304,23654.7,4.3004,23
2026-05-22,-106999.42,190398.3,83398.88,4.1699,23719.3,4.5852,22
2026-05-25,-106999.42,234264.43,127265.01,6.3633,24031.7,5.9627,24
2026-05-26,-125597.92,291860.38,166262.46,8.3131,23913.7,5.4424,25
2026-05-27,-129625.09,372102.0,242476.91,12.1238,23907.15,5.4135,23
2026-05-29,-114440.97,328918.85,214477.88,10.7239,23547.75,3.8288,20
2026-06-01,-64890.93,181588.44,116697.51,5.8349,23382.6,3.1006,16
2026-06-02,-63081.09,193839.18,130758.09,6.5379,23483.55,3.5457,14
2026-06-03,-63081.09,193668.44,130587.35,6.5294,23405.6,3.202,14
2026-06-04,-63081.09,221107.66,158026.57,7.9013,23416.55,3.2503,15
2026-06-05,-73363.7,218224.78,144861.08,7.2431,23366.7,3.0305,15
2026-06-08,-75594.5,125157.88,49563.38,2.4782,23123.0,1.956,14
2026-06-09,-75594.5,167803.99,92209.49,4.6105,23242.1,2.4811,14
2026-06-10,-70027.08,102453.33,32426.25,1.6213,23214.95,2.3614,13
2026-06-11,-70027.08,78951.61,8924.53,0.4462,23161.6,2.1262,13
2026-06-12,-70027.08,152995.3,82968.22,4.1484,23622.9,4.1602,13
2026-06-15,-70027.08,164985.37,94958.29,4.7479,23853.9,5.1787,13
2026-06-16,-60082.98,157640.74,97557.76,4.8779,23989.15,5.7751,12
2026-06-17,-60082.98,204602.93,144519.95,7.226,24085.7,6.2008,12
2026-06-18,-60082.98,217115.7,157032.72,7.8516,24168.0,6.5637,12
2026-06-19,-60082.98,237943.28,177860.3,8.893,24013.1,5.8807,13
2026-06-22,-60082.98,286677.96,226594.98,11.3297,24102.9,6.2766,13
2026-06-23,-60082.98,242257.01,182174.03,9.1087,23824.1,5.0473,15
2026-06-24,-71014.96,190216.96,119202.0,5.9601,24021.65,5.9184,13
2026-06-25,-81890.11,198413.04,116522.93,5.8261,24056.0,6.0698,12
2026-06-29,-30758.11,152112.11,121354.0,6.0677,23946.25,5.5859,11
2026-06-30,-30758.11,152130.0,121371.89,6.0686,23865.75,5.231,11
2026-07-01,-30758.11,159340.03,128581.92,6.4291,24005.85,5.8487,11
2026-07-02,-30758.11,175599.97,144841.86,7.2421,24175.7,6.5976,12
2026-07-03,-19118.46,128713.5,109595.04,5.4798,24270.85,7.0172,12
2026-07-06,-19118.46,156442.37,137323.91,6.8662,24430.35,7.7204,12
2026-07-07,-19405.18,147636.64,128231.46,6.4116,24398.7,7.5809,12
2026-07-08,-19405.18,134267.5,114862.32,5.7431,23882.05,5.3028,13
2026-07-09,-19405.18,178007.9,158602.72,7.9301,23962.8,5.6589,14
2026-07-10,-19405.18,189566.66,170161.48,8.5081,24206.9,6.7352,16
2026-07-13,-19405.18,176984.84,157579.66,7.879,24211.0,6.7533,16
2026-07-14,-19405.18,171410.29,152005.11,7.6003,24052.05,6.0524,17
2026-07-15,-19405.18,172328.64,152923.46,7.6462,24078.5,6.169,18
2026-07-16,-19405.18,166273.87,146868.69,7.3434,24072.75,6.1437,18
2026-07-17,-51698.54,133891.49,82192.95,4.1096,24334.3,7.2969,15
2026-07-20,-51698.54,182395.23,130696.69,6.5348,24238.5,6.8745,16
2026-07-21,-51698.54,197070.61,145372.07,7.2686,24187.7,6.6505,16
2026-07-22,50983.16,101099.3,152082.46,7.6041,23996.25,5.8064,15
2026-07-23,77503.04,76921.43,154424.47,7.7212,23869.6,5.2479,13
2026-07-24,67260.53,72803.14,140063.67,7.0032,23767.45,4.7975,13
2026-07-27,85768.11,84278.74,170046.85,8.5023,23995.95,5.805,15
2026-07-28,99896.1,55006.51,154902.61,7.7451,23985.35,5.7583,15
2026-07-29,91411.51,93463.03,184874.54,9.2437,24250.2,6.9261,12
2026-07-30,91411.51,82154.44,173565.95,8.6783,24317.15,7.2213,14
2026-07-31,91411.51,92822.12,184233.63,9.2117,24383.6,7.5143,14
2026-08-03,91411.51,119154.46,210565.97,10.5283,24774.3,9.237,15
2026-08-04,90264.86,166296.66,256561.52,12.8281,24614.9,8.5342,14
2026-08-05,90264.86,232615.85,322880.71,16.144,24624.65,8.5772,15
2026-08-06,106917.36,223951.74,330869.1,16.5435,24636.0,8.6272,15
2026-08-07,106917.36,282941.69,389859.05,19.493,24570.65,8.3391,17
2026-08-10,86204.76,268802.96,355007.72,17.7504,24583.8,8.397,16
2026-08-11,86204.76,290748.66,376953.42,18.8477,24471.7,7.9028,16
2026-08-12,91254.24,308127.8,399382.04,19.9691,24435.95,7.7451,15
2026-08-13,91254.24,291383.47,382637.71,19.1319,24395.85,7.5683,15
2026-08-14,106401.68,253971.92,360373.6,18.0187,24366.0,7.4367,16
2026-08-17,106401.68,266941.61,373343.29,18.6672,24287.65,7.0912,16
2026-08-18,91843.13,304161.4,396004.53,19.8002,24154.9,6.5059,16
2026-08-19,91843.13,312915.87,404759.0,20.2379,24078.3,6.1682,16
2026-08-20,91843.13,348658.6,440501.73,22.0251,24231.85,6.8452,17
2026-08-21,91843.13,387472.04,479315.17,23.9658,24252.0,6.934,17
2026-08-24,91843.13,400201.66,492044.79,24.6022,24219.05,6.7888,17
2026-08-25,91843.13,390635.17,482478.3,24.1239,24334.55,7.298,17
2026-08-26,91843.13,432569.97,524413.1,26.2207,24207.75,6.7389,18
2026-08-27,91843.13,449183.42,541026.55,27.0513,24090.85,6.2235,18
2026-08-28,91843.13,486333.77,578176.9,28.9088,24175.65,6.5974,18
2026-08-31,100764.78,506981.62,607746.4,30.3873,24080.4,6.1774,17
2026-09-01,100764.78,460922.19,561686.97,28.0843,24055.8,6.0689,17
2026-09-02,77406.5,410542.97,487949.47,24.3975,23914.45,5.4457,13
2026-09-03,93635.3,433367.27,527002.57,26.3501,23873.45,5.2649,13
2026-09-04,93635.3,404831.18,498466.48,24.9233,23897.7,5.3718,13
2026-09-07,93635.3,428779.21,522414.51,26.1207,23779.15,4.8491,14
2026-09-08,93635.3,436665.99,530301.29,26.5151,23635.1,4.214,14
2026-09-09,93635.3,429274.17,522909.47,26.1455,23431.5,3.3162,14
2026-09-10,92038.6,449050.67,541089.27,27.0545,23477.8,3.5204,14
2026-09-11,83037.61,430209.24,513246.85,25.6623,23398.1,3.169,14
2026-09-15,88526.29,297478.35,386004.64,19.3002,23118.6,1.9366,6
2026-09-16,363934.46,0.0,363934.46,18.1967,23217.6,2.3731,0
